<case><number>587</number><age>70</age><sex>M</sex><composition>spongiform appareance</composition><echogenicity>hyperechogenecity</echogenicity><margins>well defined smooth</margins><calcifications>non</calcifications><tirads>3</tirads><reportbacaf></reportbacaf><reporteco></reporteco><mark><image>1</image><svg>[{"points": [{"x": 269, "y": 57}, {"x": 296, "y": 54}, {"x": 303, "y": 53}, {"x": 314, "y": 53}, {"x": 327, "y": 51}, {"x": 348, "y": 51}, {"x": 382, "y": 58}, {"x": 418, "y": 83}, {"x": 419, "y": 84}, {"x": 422, "y": 100}, {"x": 419, "y": 112}, {"x": 415, "y": 126}, {"x": 412, "y": 140}, {"x": 399, "y": 162}, {"x": 393, "y": 174}, {"x": 370, "y": 179}, {"x": 356, "y": 181}, {"x": 325, "y": 179}, {"x": 315, "y": 179}, {"x": 294, "y": 179}, {"x": 283, "y": 180}, {"x": 263, "y": 177}, {"x": 254, "y": 175}, {"x": 248, "y": 171}, {"x": 239, "y": 166}, {"x": 231, "y": 160}, {"x": 227, "y": 152}, {"x": 222, "y": 140}, {"x": 218, "y": 131}, {"x": 217, "y": 121}, {"x": 214, "y": 114}, {"x": 213, "y": 109}, {"x": 211, "y": 98}, {"x": 215, "y": 92}, {"x": 220, "y": 80}, {"x": 228, "y": 72}, {"x": 234, "y": 68}, {"x": 252, "y": 59}, {"x": 257, "y": 59}, {"x": 262, "y": 59}, {"x": 266, "y": 59}, {"x": 268, "y": 58}], "annotation": {}, "regionType": "freehand"}]</svg></mark></case>