<case><number>597</number><age>48</age><sex>F</sex><composition>predominantly solid</composition><echogenicity>isoechogenicity</echogenicity><margins>well defined smooth</margins><calcifications>non</calcifications><tirads>2</tirads><reportbacaf></reportbacaf><reporteco></reporteco><mark><image>1</image><svg>[{"points": [{"x": 288, "y": 71}, {"x": 278, "y": 75}, {"x": 269, "y": 79}, {"x": 260, "y": 79}, {"x": 248, "y": 81}, {"x": 229, "y": 90}, {"x": 227, "y": 92}, {"x": 222, "y": 96}, {"x": 215, "y": 103}, {"x": 211, "y": 107}, {"x": 208, "y": 111}, {"x": 201, "y": 112}, {"x": 199, "y": 125}, {"x": 197, "y": 134}, {"x": 194, "y": 143}, {"x": 195, "y": 152}, {"x": 195, "y": 157}, {"x": 197, "y": 163}, {"x": 204, "y": 175}, {"x": 207, "y": 178}, {"x": 212, "y": 186}, {"x": 217, "y": 195}, {"x": 219, "y": 200}, {"x": 227, "y": 211}, {"x": 231, "y": 213}, {"x": 240, "y": 215}, {"x": 250, "y": 216}, {"x": 256, "y": 216}, {"x": 271, "y": 216}, {"x": 286, "y": 216}, {"x": 303, "y": 215}, {"x": 311, "y": 215}, {"x": 337, "y": 215}, {"x": 343, "y": 214}, {"x": 355, "y": 209}, {"x": 360, "y": 206}, {"x": 370, "y": 200}, {"x": 374, "y": 196}, {"x": 376, "y": 193}, {"x": 377, "y": 186}, {"x": 381, "y": 183}, {"x": 392, "y": 172}, {"x": 394, "y": 170}, {"x": 396, "y": 165}, {"x": 397, "y": 154}, {"x": 397, "y": 150}, {"x": 397, "y": 142}, {"x": 397, "y": 135}, {"x": 397, "y": 129}, {"x": 396, "y": 122}, {"x": 388, "y": 104}, {"x": 386, "y": 100}, {"x": 381, "y": 93}, {"x": 374, "y": 86}, {"x": 367, "y": 79}, {"x": 363, "y": 75}, {"x": 339, "y": 73}, {"x": 339, "y": 73}, {"x": 331, "y": 73}, {"x": 324, "y": 73}, {"x": 294, "y": 70}, {"x": 287, "y": 70}, {"x": 287, "y": 70}], "annotation": {}, "regionType": "freehand"}]</svg></mark></case>