<case><number>625</number><age>65</age><sex>F</sex><composition>solid</composition><echogenicity>marked hypoechogenecity</echogenicity><margins>spiculated</margins><calcifications>microcalcification</calcifications><tirads>5</tirads><reportbacaf></reportbacaf><reporteco></reporteco><mark><image>1</image><svg>[{"points": [{"x": 267, "y": 122}, {"x": 256, "y": 126}, {"x": 249, "y": 134}, {"x": 248, "y": 138}, {"x": 248, "y": 147}, {"x": 249, "y": 152}, {"x": 246, "y": 163}, {"x": 246, "y": 164}, {"x": 247, "y": 169}, {"x": 257, "y": 179}, {"x": 260, "y": 180}, {"x": 267, "y": 183}, {"x": 275, "y": 183}, {"x": 283, "y": 183}, {"x": 289, "y": 176}, {"x": 290, "y": 170}, {"x": 291, "y": 167}, {"x": 297, "y": 152}, {"x": 297, "y": 144}, {"x": 295, "y": 140}, {"x": 292, "y": 134}, {"x": 287, "y": 130}, {"x": 282, "y": 129}, {"x": 277, "y": 126}, {"x": 271, "y": 121}, {"x": 267, "y": 121}], "annotation": {}, "regionType": "freehand"}]</svg></mark></case>