<case><number>583</number><age>50</age><sex>F</sex><composition></composition><echogenicity>hypoechogenecity</echogenicity><margins></margins><calcifications>non</calcifications><tirads>2</tirads><reportbacaf></reportbacaf><reporteco>PSEUDONODULES
TIROIDITIS </reporteco><mark><image>1</image><svg>[{"points": [{"x": 229, "y": 128}, {"x": 225, "y": 124}, {"x": 225, "y": 123}, {"x": 222, "y": 118}, {"x": 222, "y": 111}, {"x": 224, "y": 106}, {"x": 225, "y": 104}, {"x": 227, "y": 101}, {"x": 235, "y": 96}, {"x": 238, "y": 94}, {"x": 243, "y": 91}, {"x": 245, "y": 90}, {"x": 249, "y": 93}, {"x": 250, "y": 98}, {"x": 249, "y": 104}, {"x": 248, "y": 111}, {"x": 251, "y": 117}, {"x": 252, "y": 124}, {"x": 250, "y": 127}, {"x": 243, "y": 128}, {"x": 240, "y": 128}, {"x": 233, "y": 128}, {"x": 230, "y": 128}], "annotation": {}, "regionType": "freehand"}, {"points": [{"x": 229, "y": 128}, {"x": 225, "y": 124}, {"x": 225, "y": 123}, {"x": 222, "y": 118}, {"x": 222, "y": 111}, {"x": 224, "y": 106}, {"x": 225, "y": 104}, {"x": 227, "y": 101}, {"x": 235, "y": 96}, {"x": 238, "y": 94}, {"x": 243, "y": 91}, {"x": 245, "y": 90}, {"x": 249, "y": 93}, {"x": 250, "y": 98}, {"x": 249, "y": 104}, {"x": 248, "y": 111}, {"x": 251, "y": 117}, {"x": 252, "y": 124}, {"x": 250, "y": 127}, {"x": 243, "y": 128}, {"x": 240, "y": 128}, {"x": 233, "y": 128}, {"x": 230, "y": 128}], "annotation": {}, "regionType": "freehand"}, {"points": [{"x": 325, "y": 79}, {"x": 322, "y": 89}, {"x": 320, "y": 97}, {"x": 320, "y": 113}, {"x": 320, "y": 124}, {"x": 320, "y": 138}, {"x": 325, "y": 153}, {"x": 330, "y": 156}, {"x": 337, "y": 160}, {"x": 344, "y": 163}, {"x": 348, "y": 163}, {"x": 354, "y": 163}, {"x": 358, "y": 161}, {"x": 361, "y": 150}, {"x": 359, "y": 133}, {"x": 353, "y": 117}, {"x": 349, "y": 107}, {"x": 344, "y": 99}, {"x": 339, "y": 90}, {"x": 336, "y": 85}, {"x": 332, "y": 81}, {"x": 330, "y": 79}, {"x": 328, "y": 79}, {"x": 327, "y": 79}, {"x": 326, "y": 79}], "annotation": {}, "regionType": "freehand"}, {"points": [{"x": 288, "y": 100}, {"x": 286, "y": 105}, {"x": 283, "y": 110}, {"x": 280, "y": 114}, {"x": 278, "y": 116}, {"x": 277, "y": 123}, {"x": 277, "y": 134}, {"x": 284, "y": 142}, {"x": 287, "y": 150}, {"x": 293, "y": 161}, {"x": 299, "y": 161}, {"x": 302, "y": 156}, {"x": 305, "y": 149}, {"x": 309, "y": 137}, {"x": 311, "y": 123}, {"x": 311, "y": 119}, {"x": 311, "y": 115}, {"x": 307, "y": 114}, {"x": 303, "y": 111}, {"x": 297, "y": 107}, {"x": 291, "y": 104}, {"x": 288, "y": 100}], "annotation": {}, "regionType": "freehand"}]</svg></mark><mark><image>2</image><svg>[{"points": [{"x": 346, "y": 56}, {"x": 358, "y": 57}, {"x": 369, "y": 57}, {"x": 378, "y": 59}, {"x": 391, "y": 63}, {"x": 404, "y": 66}, {"x": 411, "y": 68}, {"x": 418, "y": 71}, {"x": 423, "y": 74}, {"x": 429, "y": 76}, {"x": 429, "y": 77}, {"x": 439, "y": 83}, {"x": 442, "y": 85}, {"x": 445, "y": 92}, {"x": 445, "y": 100}, {"x": 439, "y": 107}, {"x": 434, "y": 113}, {"x": 425, "y": 117}, {"x": 419, "y": 120}, {"x": 402, "y": 121}, {"x": 397, "y": 121}, {"x": 386, "y": 118}, {"x": 379, "y": 117}, {"x": 376, "y": 114}, {"x": 374, "y": 112}, {"x": 366, "y": 105}, {"x": 354, "y": 93}, {"x": 349, "y": 88}, {"x": 340, "y": 78}, {"x": 337, "y": 73}, {"x": 334, "y": 70}, {"x": 332, "y": 64}, {"x": 332, "y": 64}, {"x": 334, "y": 61}, {"x": 339, "y": 59}, {"x": 341, "y": 57}, {"x": 348, "y": 57}], "annotation": {}, "regionType": "freehand"}, {"points": [{"x": 262, "y": 111}, {"x": 265, "y": 111}, {"x": 275, "y": 111}, {"x": 280, "y": 112}, {"x": 290, "y": 115}, {"x": 295, "y": 117}, {"x": 295, "y": 117}, {"x": 300, "y": 121}, {"x": 303, "y": 123}, {"x": 303, "y": 126}, {"x": 305, "y": 131}, {"x": 305, "y": 134}, {"x": 301, "y": 138}, {"x": 301, "y": 138}, {"x": 297, "y": 142}, {"x": 295, "y": 143}, {"x": 290, "y": 143}, {"x": 289, "y": 143}, {"x": 287, "y": 142}, {"x": 284, "y": 141}, {"x": 282, "y": 139}, {"x": 281, "y": 138}, {"x": 273, "y": 136}, {"x": 270, "y": 136}, {"x": 266, "y": 134}, {"x": 266, "y": 134}, {"x": 255, "y": 127}, {"x": 255, "y": 127}, {"x": 255, "y": 122}, {"x": 255, "y": 119}, {"x": 256, "y": 118}, {"x": 259, "y": 114}], "annotation": {}, "regionType": "freehand"}]</svg></mark></case>