<case><number>623</number><age>78</age><sex>F</sex><composition>solid</composition><echogenicity>hypoechogenecity</echogenicity><margins>well defined smooth</margins><calcifications>microcalcification</calcifications><tirads>4b</tirads><reportbacaf></reportbacaf><reporteco></reporteco><mark><image>1</image><svg>[{"points": [{"x": 231, "y": 74}, {"x": 215, "y": 78}, {"x": 205, "y": 86}, {"x": 194, "y": 93}, {"x": 186, "y": 101}, {"x": 177, "y": 111}, {"x": 170, "y": 125}, {"x": 170, "y": 132}, {"x": 170, "y": 141}, {"x": 174, "y": 152}, {"x": 179, "y": 158}, {"x": 186, "y": 163}, {"x": 193, "y": 168}, {"x": 198, "y": 176}, {"x": 204, "y": 182}, {"x": 212, "y": 187}, {"x": 224, "y": 193}, {"x": 232, "y": 197}, {"x": 247, "y": 200}, {"x": 255, "y": 202}, {"x": 266, "y": 203}, {"x": 277, "y": 204}, {"x": 291, "y": 204}, {"x": 300, "y": 202}, {"x": 306, "y": 199}, {"x": 315, "y": 196}, {"x": 330, "y": 190}, {"x": 338, "y": 178}, {"x": 339, "y": 165}, {"x": 341, "y": 155}, {"x": 341, "y": 145}, {"x": 341, "y": 132}, {"x": 341, "y": 119}, {"x": 340, "y": 114}, {"x": 337, "y": 102}, {"x": 331, "y": 92}, {"x": 330, "y": 86}, {"x": 319, "y": 81}, {"x": 297, "y": 79}, {"x": 276, "y": 77}, {"x": 265, "y": 77}, {"x": 255, "y": 77}, {"x": 249, "y": 77}, {"x": 243, "y": 77}, {"x": 230, "y": 75}], "annotation": {}, "regionType": "freehand"}]</svg></mark></case>