<case><number>560</number><age>58</age><sex>F</sex><composition>solid</composition><echogenicity>hypoechogenecity</echogenicity><margins>well defined smooth</margins><calcifications>microcalcification</calcifications><tirads>4c</tirads><reportbacaf></reportbacaf><reporteco></reporteco><mark><image>1</image><svg>[{"points": [{"x": 365, "y": 93}, {"x": 365, "y": 99}, {"x": 365, "y": 99}, {"x": 367, "y": 105}, {"x": 367, "y": 116}, {"x": 368, "y": 125}, {"x": 368, "y": 136}, {"x": 366, "y": 150}, {"x": 360, "y": 165}, {"x": 349, "y": 178}, {"x": 348, "y": 180}, {"x": 330, "y": 196}, {"x": 319, "y": 203}, {"x": 312, "y": 207}, {"x": 290, "y": 215}, {"x": 272, "y": 221}, {"x": 270, "y": 222}, {"x": 244, "y": 222}, {"x": 239, "y": 221}, {"x": 222, "y": 219}, {"x": 205, "y": 215}, {"x": 203, "y": 215}, {"x": 196, "y": 212}, {"x": 193, "y": 209}, {"x": 185, "y": 201}, {"x": 184, "y": 199}, {"x": 185, "y": 180}, {"x": 188, "y": 178}, {"x": 190, "y": 169}, {"x": 187, "y": 158}, {"x": 186, "y": 155}, {"x": 182, "y": 143}, {"x": 182, "y": 141}, {"x": 175, "y": 127}, {"x": 169, "y": 119}, {"x": 170, "y": 114}, {"x": 177, "y": 91}, {"x": 179, "y": 85}, {"x": 188, "y": 74}, {"x": 192, "y": 71}, {"x": 202, "y": 65}, {"x": 235, "y": 55}, {"x": 249, "y": 51}, {"x": 265, "y": 49}, {"x": 270, "y": 47}, {"x": 293, "y": 48}, {"x": 307, "y": 50}, {"x": 318, "y": 55}, {"x": 332, "y": 60}, {"x": 344, "y": 67}, {"x": 354, "y": 77}, {"x": 360, "y": 82}, {"x": 361, "y": 85}, {"x": 362, "y": 87}], "annotation": {}, "regionType": "freehand"}]</svg></mark></case>