<case><number>575</number><age>54</age><sex>F</sex><composition>predominantly solid</composition><echogenicity>isoechogenicity</echogenicity><margins>well defined smooth</margins><calcifications>non</calcifications><tirads>3</tirads><reportbacaf></reportbacaf><reporteco>MULTIPLE PSEUDONODULES</reporteco><mark><image>1</image><svg>[{"points": [{"x": 284, "y": 239}, {"x": 292, "y": 245}, {"x": 309, "y": 252}, {"x": 341, "y": 246}, {"x": 352, "y": 235}, {"x": 353, "y": 205}, {"x": 353, "y": 172}, {"x": 354, "y": 160}, {"x": 367, "y": 139}, {"x": 375, "y": 110}, {"x": 375, "y": 106}, {"x": 366, "y": 81}, {"x": 363, "y": 78}, {"x": 314, "y": 70}, {"x": 275, "y": 76}, {"x": 228, "y": 77}, {"x": 206, "y": 80}, {"x": 194, "y": 106}, {"x": 192, "y": 115}, {"x": 193, "y": 154}, {"x": 203, "y": 175}, {"x": 230, "y": 201}, {"x": 246, "y": 203}, {"x": 277, "y": 225}, {"x": 281, "y": 232}], "annotation": {}, "regionType": "freehand"}]</svg></mark><mark><image>2</image><svg>[{"points": [{"x": 138, "y": 179}, {"x": 138, "y": 167}, {"x": 139, "y": 153}, {"x": 149, "y": 136}, {"x": 156, "y": 128}, {"x": 171, "y": 118}, {"x": 203, "y": 102}, {"x": 233, "y": 97}, {"x": 281, "y": 95}, {"x": 329, "y": 95}, {"x": 354, "y": 97}, {"x": 387, "y": 114}, {"x": 404, "y": 127}, {"x": 420, "y": 154}, {"x": 420, "y": 182}, {"x": 405, "y": 197}, {"x": 396, "y": 203}, {"x": 393, "y": 209}, {"x": 398, "y": 217}, {"x": 401, "y": 223}, {"x": 401, "y": 245}, {"x": 384, "y": 252}, {"x": 374, "y": 245}, {"x": 369, "y": 240}, {"x": 369, "y": 226}, {"x": 362, "y": 223}, {"x": 351, "y": 218}, {"x": 338, "y": 216}, {"x": 334, "y": 228}, {"x": 336, "y": 237}, {"x": 340, "y": 244}, {"x": 330, "y": 247}, {"x": 323, "y": 247}, {"x": 296, "y": 243}, {"x": 285, "y": 235}, {"x": 282, "y": 229}, {"x": 268, "y": 227}, {"x": 258, "y": 221}, {"x": 248, "y": 216}, {"x": 234, "y": 223}, {"x": 202, "y": 220}, {"x": 171, "y": 211}, {"x": 167, "y": 208}, {"x": 142, "y": 190}, {"x": 137, "y": 181}, {"x": 135, "y": 178}], "annotation": {}, "regionType": "freehand"}]</svg></mark></case>