<case><number>546</number><age>63</age><sex>F</sex><composition>solid</composition><echogenicity>isoechogenicity</echogenicity><margins>microlobulated</margins><calcifications>non</calcifications><tirads>4c</tirads><reportbacaf></reportbacaf><reporteco></reporteco><mark><image>2</image><svg>[{"points": [{"x": 252, "y": 140}, {"x": 252, "y": 143}, {"x": 254, "y": 150}, {"x": 259, "y": 158}, {"x": 263, "y": 165}, {"x": 266, "y": 171}, {"x": 272, "y": 179}, {"x": 281, "y": 185}, {"x": 286, "y": 187}, {"x": 296, "y": 189}, {"x": 308, "y": 186}, {"x": 315, "y": 183}, {"x": 318, "y": 182}, {"x": 325, "y": 175}, {"x": 327, "y": 172}, {"x": 327, "y": 173}, {"x": 329, "y": 171}, {"x": 333, "y": 165}, {"x": 334, "y": 159}, {"x": 335, "y": 150}, {"x": 335, "y": 143}, {"x": 336, "y": 132}, {"x": 336, "y": 124}, {"x": 331, "y": 116}, {"x": 329, "y": 115}, {"x": 321, "y": 111}, {"x": 315, "y": 109}, {"x": 313, "y": 108}, {"x": 302, "y": 104}, {"x": 297, "y": 103}, {"x": 293, "y": 103}, {"x": 274, "y": 108}, {"x": 270, "y": 114}, {"x": 266, "y": 120}, {"x": 263, "y": 124}, {"x": 258, "y": 127}, {"x": 252, "y": 138}, {"x": 252, "y": 140}], "annotation": {}, "regionType": "freehand"}]</svg></mark><mark><image>1</image><svg>[{"points": [{"x": 273, "y": 91}, {"x": 269, "y": 98}, {"x": 262, "y": 109}, {"x": 257, "y": 117}, {"x": 257, "y": 118}, {"x": 253, "y": 139}, {"x": 252, "y": 149}, {"x": 257, "y": 157}, {"x": 261, "y": 161}, {"x": 268, "y": 168}, {"x": 276, "y": 169}, {"x": 285, "y": 167}, {"x": 294, "y": 161}, {"x": 303, "y": 158}, {"x": 312, "y": 157}, {"x": 317, "y": 153}, {"x": 319, "y": 138}, {"x": 319, "y": 133}, {"x": 320, "y": 126}, {"x": 321, "y": 121}, {"x": 321, "y": 118}, {"x": 321, "y": 118}, {"x": 320, "y": 114}, {"x": 316, "y": 110}, {"x": 314, "y": 106}, {"x": 311, "y": 102}, {"x": 305, "y": 96}, {"x": 301, "y": 93}, {"x": 293, "y": 92}, {"x": 290, "y": 90}, {"x": 286, "y": 87}, {"x": 282, "y": 86}, {"x": 276, "y": 88}, {"x": 272, "y": 90}], "annotation": {}, "regionType": "freehand"}]</svg></mark></case>