<case><number>634</number><age>54</age><sex>F</sex><composition>cystic</composition><echogenicity>isoechogenicity</echogenicity><margins>microlobulated</margins><calcifications>microcalcification</calcifications><tirads>4a</tirads><reportbacaf></reportbacaf><reporteco></reporteco><mark><image>1</image><svg>[{"points": [{"x": 292, "y": 81}, {"x": 285, "y": 79}, {"x": 277, "y": 79}, {"x": 264, "y": 79}, {"x": 250, "y": 80}, {"x": 244, "y": 82}, {"x": 238, "y": 84}, {"x": 237, "y": 85}, {"x": 227, "y": 92}, {"x": 220, "y": 96}, {"x": 216, "y": 103}, {"x": 212, "y": 110}, {"x": 212, "y": 115}, {"x": 208, "y": 124}, {"x": 206, "y": 132}, {"x": 208, "y": 138}, {"x": 210, "y": 142}, {"x": 217, "y": 153}, {"x": 218, "y": 157}, {"x": 221, "y": 162}, {"x": 226, "y": 166}, {"x": 237, "y": 172}, {"x": 247, "y": 175}, {"x": 252, "y": 176}, {"x": 262, "y": 177}, {"x": 274, "y": 178}, {"x": 280, "y": 178}, {"x": 288, "y": 178}, {"x": 296, "y": 177}, {"x": 302, "y": 176}, {"x": 310, "y": 176}, {"x": 328, "y": 175}, {"x": 328, "y": 175}, {"x": 337, "y": 163}, {"x": 342, "y": 160}, {"x": 353, "y": 153}, {"x": 365, "y": 146}, {"x": 367, "y": 145}, {"x": 375, "y": 134}, {"x": 377, "y": 125}, {"x": 376, "y": 117}, {"x": 373, "y": 109}, {"x": 372, "y": 106}, {"x": 364, "y": 101}, {"x": 357, "y": 99}, {"x": 336, "y": 94}, {"x": 309, "y": 87}, {"x": 298, "y": 83}, {"x": 297, "y": 82}], "annotation": {}, "regionType": "freehand"}]</svg></mark></case>