<case><number>573</number><age>64</age><sex>F</sex><composition>solid</composition><echogenicity>hypoechogenecity</echogenicity><margins>microlobulated</margins><calcifications>microcalcification</calcifications><tirads>4c</tirads><reportbacaf></reportbacaf><reporteco></reporteco><mark><image>1</image><svg>[{"points": [{"x": 291, "y": 198}, {"x": 297, "y": 198}, {"x": 306, "y": 192}, {"x": 312, "y": 191}, {"x": 318, "y": 189}, {"x": 323, "y": 185}, {"x": 327, "y": 184}, {"x": 328, "y": 180}, {"x": 330, "y": 177}, {"x": 329, "y": 170}, {"x": 328, "y": 166}, {"x": 328, "y": 161}, {"x": 327, "y": 158}, {"x": 326, "y": 155}, {"x": 319, "y": 152}, {"x": 315, "y": 151}, {"x": 311, "y": 151}, {"x": 302, "y": 148}, {"x": 298, "y": 145}, {"x": 294, "y": 145}, {"x": 286, "y": 145}, {"x": 283, "y": 148}, {"x": 283, "y": 152}, {"x": 282, "y": 158}, {"x": 280, "y": 159}, {"x": 275, "y": 162}, {"x": 273, "y": 167}, {"x": 273, "y": 176}, {"x": 273, "y": 179}, {"x": 274, "y": 185}, {"x": 276, "y": 188}, {"x": 289, "y": 196}], "annotation": {}, "regionType": "freehand"}]</svg></mark><mark><image>2</image><svg>[{"points": [{"x": 248, "y": 158}, {"x": 243, "y": 154}, {"x": 238, "y": 148}, {"x": 236, "y": 140}, {"x": 236, "y": 131}, {"x": 238, "y": 127}, {"x": 245, "y": 126}, {"x": 250, "y": 125}, {"x": 258, "y": 122}, {"x": 275, "y": 121}, {"x": 288, "y": 123}, {"x": 290, "y": 129}, {"x": 290, "y": 133}, {"x": 291, "y": 140}, {"x": 295, "y": 144}, {"x": 296, "y": 146}, {"x": 299, "y": 156}, {"x": 299, "y": 161}, {"x": 296, "y": 166}, {"x": 291, "y": 168}, {"x": 289, "y": 169}, {"x": 278, "y": 171}, {"x": 273, "y": 171}, {"x": 268, "y": 171}, {"x": 261, "y": 170}, {"x": 257, "y": 167}, {"x": 250, "y": 162}, {"x": 247, "y": 158}, {"x": 246, "y": 158}], "annotation": {}, "regionType": "freehand"}]</svg></mark></case>