<case><number>566</number><age>40</age><sex>F</sex><composition>solid</composition><echogenicity>marked hypoechogenecity</echogenicity><margins>ill- defined</margins><calcifications>microcalcification</calcifications><tirads>4c</tirads><reportbacaf></reportbacaf><reporteco></reporteco><mark><image>1</image><svg>[{"points": [{"x": 264, "y": 114}, {"x": 256, "y": 119}, {"x": 254, "y": 123}, {"x": 248, "y": 132}, {"x": 241, "y": 138}, {"x": 236, "y": 146}, {"x": 236, "y": 148}, {"x": 238, "y": 160}, {"x": 246, "y": 166}, {"x": 259, "y": 170}, {"x": 270, "y": 181}, {"x": 277, "y": 186}, {"x": 288, "y": 188}, {"x": 300, "y": 198}, {"x": 308, "y": 204}, {"x": 316, "y": 204}, {"x": 328, "y": 192}, {"x": 330, "y": 177}, {"x": 328, "y": 162}, {"x": 318, "y": 151}, {"x": 308, "y": 145}, {"x": 304, "y": 140}, {"x": 305, "y": 134}, {"x": 309, "y": 130}, {"x": 309, "y": 126}, {"x": 309, "y": 120}, {"x": 302, "y": 115}, {"x": 298, "y": 115}, {"x": 281, "y": 113}, {"x": 278, "y": 115}, {"x": 272, "y": 118}, {"x": 266, "y": 118}, {"x": 260, "y": 120}, {"x": 259, "y": 119}], "annotation": {}, "regionType": "freehand"}]</svg></mark><mark><image>2</image><svg>[{"points": [{"x": 264, "y": 124}, {"x": 256, "y": 132}, {"x": 249, "y": 142}, {"x": 244, "y": 154}, {"x": 259, "y": 182}, {"x": 272, "y": 189}, {"x": 276, "y": 191}, {"x": 290, "y": 191}, {"x": 305, "y": 188}, {"x": 317, "y": 175}, {"x": 323, "y": 167}, {"x": 326, "y": 160}, {"x": 326, "y": 157}, {"x": 326, "y": 157}, {"x": 316, "y": 134}, {"x": 314, "y": 131}, {"x": 307, "y": 128}, {"x": 299, "y": 125}, {"x": 290, "y": 124}, {"x": 283, "y": 124}, {"x": 273, "y": 124}, {"x": 267, "y": 123}, {"x": 265, "y": 123}, {"x": 263, "y": 124}], "annotation": {}, "regionType": "freehand"}, {"points": [{"x": 264, "y": 124}, {"x": 256, "y": 132}, {"x": 249, "y": 142}, {"x": 244, "y": 154}, {"x": 259, "y": 182}, {"x": 272, "y": 189}, {"x": 276, "y": 191}, {"x": 290, "y": 191}, {"x": 305, "y": 188}, {"x": 317, "y": 175}, {"x": 323, "y": 167}, {"x": 326, "y": 160}, {"x": 326, "y": 157}, {"x": 326, "y": 157}, {"x": 316, "y": 134}, {"x": 314, "y": 131}, {"x": 307, "y": 128}, {"x": 299, "y": 125}, {"x": 290, "y": 124}, {"x": 283, "y": 124}, {"x": 273, "y": 124}, {"x": 267, "y": 123}, {"x": 265, "y": 123}, {"x": 263, "y": 124}], "annotation": {}, "regionType": "freehand"}]</svg></mark></case>