<case><number>576</number><age>78</age><sex>F</sex><composition>spongiform appareance</composition><echogenicity>isoechogenicity</echogenicity><margins>well defined smooth</margins><calcifications>macrocalcification</calcifications><tirads>4a</tirads><reportbacaf></reportbacaf><reporteco></reporteco><mark><image>1</image><svg>[{"points": [{"x": 169, "y": 58}, {"x": 167, "y": 58}, {"x": 165, "y": 65}, {"x": 164, "y": 65}, {"x": 163, "y": 66}, {"x": 162, "y": 71}, {"x": 162, "y": 72}, {"x": 162, "y": 74}, {"x": 162, "y": 90}, {"x": 162, "y": 95}, {"x": 166, "y": 97}, {"x": 171, "y": 106}, {"x": 171, "y": 107}, {"x": 171, "y": 110}, {"x": 173, "y": 120}, {"x": 174, "y": 127}, {"x": 174, "y": 141}, {"x": 174, "y": 143}, {"x": 174, "y": 144}, {"x": 173, "y": 151}, {"x": 173, "y": 154}, {"x": 173, "y": 158}, {"x": 173, "y": 170}, {"x": 173, "y": 171}, {"x": 173, "y": 174}, {"x": 178, "y": 180}, {"x": 199, "y": 205}, {"x": 199, "y": 206}, {"x": 200, "y": 211}, {"x": 200, "y": 212}, {"x": 203, "y": 214}, {"x": 211, "y": 220}, {"x": 211, "y": 221}, {"x": 212, "y": 224}, {"x": 216, "y": 228}, {"x": 223, "y": 234}, {"x": 225, "y": 234}, {"x": 226, "y": 236}, {"x": 230, "y": 238}, {"x": 238, "y": 246}, {"x": 240, "y": 249}, {"x": 240, "y": 250}, {"x": 246, "y": 251}, {"x": 263, "y": 260}, {"x": 263, "y": 261}, {"x": 263, "y": 261}, {"x": 264, "y": 261}, {"x": 269, "y": 262}, {"x": 283, "y": 264}, {"x": 288, "y": 270}, {"x": 293, "y": 270}, {"x": 319, "y": 270}, {"x": 352, "y": 268}, {"x": 357, "y": 268}, {"x": 364, "y": 267}, {"x": 367, "y": 267}, {"x": 380, "y": 261}, {"x": 386, "y": 250}, {"x": 397, "y": 244}, {"x": 398, "y": 244}, {"x": 402, "y": 235}, {"x": 403, "y": 234}, {"x": 404, "y": 234}, {"x": 411, "y": 226}, {"x": 434, "y": 207}, {"x": 434, "y": 202}, {"x": 434, "y": 202}, {"x": 434, "y": 202}, {"x": 434, "y": 202}, {"x": 446, "y": 162}, {"x": 446, "y": 162}, {"x": 446, "y": 160}, {"x": 446, "y": 156}, {"x": 446, "y": 156}, {"x": 446, "y": 122}, {"x": 446, "y": 121}, {"x": 446, "y": 111}, {"x": 446, "y": 111}, {"x": 444, "y": 98}, {"x": 426, "y": 81}, {"x": 410, "y": 79}, {"x": 387, "y": 69}, {"x": 369, "y": 66}, {"x": 354, "y": 62}, {"x": 354, "y": 62}, {"x": 331, "y": 58}, {"x": 312, "y": 51}, {"x": 297, "y": 46}, {"x": 267, "y": 42}, {"x": 241, "y": 42}, {"x": 215, "y": 42}, {"x": 194, "y": 42}, {"x": 194, "y": 42}, {"x": 180, "y": 46}, {"x": 179, "y": 46}, {"x": 173, "y": 48}, {"x": 172, "y": 51}, {"x": 171, "y": 53}], "annotation": {}, "regionType": "freehand"}]</svg></mark><mark><image>2</image><svg>[{"points": [{"x": 256, "y": 28}, {"x": 246, "y": 29}, {"x": 240, "y": 34}, {"x": 231, "y": 35}, {"x": 220, "y": 38}, {"x": 216, "y": 39}, {"x": 212, "y": 40}, {"x": 206, "y": 44}, {"x": 201, "y": 47}, {"x": 194, "y": 50}, {"x": 183, "y": 52}, {"x": 174, "y": 52}, {"x": 165, "y": 54}, {"x": 159, "y": 56}, {"x": 152, "y": 61}, {"x": 146, "y": 67}, {"x": 143, "y": 71}, {"x": 135, "y": 75}, {"x": 131, "y": 79}, {"x": 129, "y": 88}, {"x": 131, "y": 96}, {"x": 134, "y": 103}, {"x": 142, "y": 120}, {"x": 152, "y": 126}, {"x": 169, "y": 132}, {"x": 177, "y": 139}, {"x": 181, "y": 149}, {"x": 185, "y": 159}, {"x": 187, "y": 165}, {"x": 193, "y": 177}, {"x": 193, "y": 181}, {"x": 194, "y": 189}, {"x": 202, "y": 196}, {"x": 221, "y": 200}, {"x": 231, "y": 197}, {"x": 236, "y": 196}, {"x": 244, "y": 194}, {"x": 255, "y": 193}, {"x": 265, "y": 193}, {"x": 275, "y": 194}, {"x": 284, "y": 191}, {"x": 286, "y": 186}, {"x": 291, "y": 188}, {"x": 300, "y": 189}, {"x": 316, "y": 189}, {"x": 329, "y": 186}, {"x": 338, "y": 182}, {"x": 345, "y": 175}, {"x": 350, "y": 169}, {"x": 353, "y": 159}, {"x": 357, "y": 149}, {"x": 358, "y": 145}, {"x": 362, "y": 135}, {"x": 364, "y": 130}, {"x": 363, "y": 120}, {"x": 363, "y": 118}, {"x": 363, "y": 107}, {"x": 362, "y": 103}, {"x": 362, "y": 93}, {"x": 362, "y": 89}, {"x": 362, "y": 79}, {"x": 362, "y": 72}, {"x": 358, "y": 67}, {"x": 352, "y": 65}, {"x": 350, "y": 63}, {"x": 345, "y": 61}, {"x": 340, "y": 60}, {"x": 334, "y": 56}, {"x": 328, "y": 53}, {"x": 323, "y": 51}, {"x": 318, "y": 49}, {"x": 313, "y": 48}, {"x": 309, "y": 45}, {"x": 305, "y": 41}, {"x": 302, "y": 39}, {"x": 295, "y": 36}, {"x": 289, "y": 35}, {"x": 277, "y": 30}, {"x": 270, "y": 28}, {"x": 263, "y": 27}, {"x": 257, "y": 27}, {"x": 253, "y": 27}], "annotation": {}, "regionType": "freehand"}]</svg></mark></case>