<case><number>582</number><age>20</age><sex>F</sex><composition>predominantly solid</composition><echogenicity>hypoechogenecity</echogenicity><margins>well defined smooth</margins><calcifications>non</calcifications><tirads>2</tirads><reportbacaf></reportbacaf><reporteco></reporteco><mark><image>2</image><svg>[{"points": [{"x": 247, "y": 188}, {"x": 233, "y": 188}, {"x": 227, "y": 180}, {"x": 225, "y": 178}, {"x": 217, "y": 174}, {"x": 209, "y": 170}, {"x": 198, "y": 168}, {"x": 192, "y": 160}, {"x": 191, "y": 145}, {"x": 193, "y": 138}, {"x": 199, "y": 127}, {"x": 201, "y": 120}, {"x": 208, "y": 110}, {"x": 219, "y": 101}, {"x": 220, "y": 97}, {"x": 220, "y": 90}, {"x": 218, "y": 82}, {"x": 215, "y": 74}, {"x": 218, "y": 70}, {"x": 222, "y": 64}, {"x": 227, "y": 62}, {"x": 234, "y": 61}, {"x": 246, "y": 60}, {"x": 263, "y": 60}, {"x": 275, "y": 60}, {"x": 277, "y": 60}, {"x": 293, "y": 59}, {"x": 309, "y": 59}, {"x": 321, "y": 59}, {"x": 331, "y": 59}, {"x": 341, "y": 59}, {"x": 363, "y": 56}, {"x": 371, "y": 54}, {"x": 379, "y": 54}, {"x": 389, "y": 61}, {"x": 398, "y": 63}, {"x": 420, "y": 67}, {"x": 422, "y": 69}, {"x": 435, "y": 71}, {"x": 446, "y": 73}, {"x": 453, "y": 76}, {"x": 458, "y": 79}, {"x": 458, "y": 85}, {"x": 458, "y": 92}, {"x": 455, "y": 100}, {"x": 451, "y": 104}, {"x": 440, "y": 108}, {"x": 433, "y": 111}, {"x": 425, "y": 114}, {"x": 419, "y": 116}, {"x": 409, "y": 121}, {"x": 403, "y": 122}, {"x": 395, "y": 123}, {"x": 383, "y": 130}, {"x": 381, "y": 132}, {"x": 370, "y": 132}, {"x": 362, "y": 136}, {"x": 355, "y": 137}, {"x": 345, "y": 142}, {"x": 339, "y": 142}, {"x": 313, "y": 146}, {"x": 307, "y": 150}, {"x": 286, "y": 159}, {"x": 276, "y": 164}, {"x": 264, "y": 176}, {"x": 258, "y": 180}, {"x": 254, "y": 187}, {"x": 244, "y": 189}], "annotation": {}, "regionType": "freehand"}]</svg></mark><mark><image>1</image><svg>[{"points": [{"x": 214, "y": 45}, {"x": 213, "y": 46}, {"x": 214, "y": 57}, {"x": 220, "y": 65}, {"x": 226, "y": 79}, {"x": 240, "y": 100}, {"x": 253, "y": 120}, {"x": 270, "y": 144}, {"x": 273, "y": 156}, {"x": 275, "y": 160}, {"x": 278, "y": 164}, {"x": 295, "y": 174}, {"x": 308, "y": 171}, {"x": 326, "y": 160}, {"x": 328, "y": 140}, {"x": 329, "y": 124}, {"x": 329, "y": 105}, {"x": 325, "y": 81}, {"x": 308, "y": 67}, {"x": 300, "y": 60}, {"x": 268, "y": 52}, {"x": 259, "y": 47}, {"x": 231, "y": 42}, {"x": 220, "y": 43}, {"x": 214, "y": 47}], "annotation": {}, "regionType": "freehand"}]</svg></mark></case>