<case><number>635</number><age>58</age><sex>F</sex><composition>cystic</composition><echogenicity>isoechogenicity</echogenicity><margins>well defined smooth</margins><calcifications>microcalcification</calcifications><tirads>4a</tirads><reportbacaf></reportbacaf><reporteco></reporteco><mark><image>1</image><svg>[{"points": [{"x": 332, "y": 101}, {"x": 323, "y": 101}, {"x": 318, "y": 101}, {"x": 309, "y": 100}, {"x": 293, "y": 102}, {"x": 287, "y": 106}, {"x": 277, "y": 110}, {"x": 275, "y": 112}, {"x": 263, "y": 115}, {"x": 256, "y": 117}, {"x": 251, "y": 125}, {"x": 248, "y": 128}, {"x": 244, "y": 135}, {"x": 245, "y": 146}, {"x": 247, "y": 152}, {"x": 248, "y": 159}, {"x": 254, "y": 166}, {"x": 259, "y": 167}, {"x": 271, "y": 168}, {"x": 281, "y": 168}, {"x": 293, "y": 169}, {"x": 303, "y": 169}, {"x": 311, "y": 170}, {"x": 319, "y": 172}, {"x": 330, "y": 174}, {"x": 342, "y": 174}, {"x": 346, "y": 172}, {"x": 358, "y": 166}, {"x": 358, "y": 159}, {"x": 358, "y": 154}, {"x": 359, "y": 148}, {"x": 356, "y": 140}, {"x": 353, "y": 131}, {"x": 352, "y": 123}, {"x": 350, "y": 115}, {"x": 344, "y": 108}, {"x": 342, "y": 107}, {"x": 335, "y": 102}, {"x": 333, "y": 100}], "annotation": {}, "regionType": "freehand"}]</svg></mark></case>