<case><number>611</number><age>44</age><sex>F</sex><composition>spongiform appareance</composition><echogenicity>isoechogenicity</echogenicity><margins>well defined smooth</margins><calcifications>non</calcifications><tirads>2</tirads><reportbacaf></reportbacaf><reporteco></reporteco><mark><image>2</image><svg>[{"points": [{"x": 313, "y": 39}, {"x": 292, "y": 40}, {"x": 276, "y": 46}, {"x": 257, "y": 52}, {"x": 245, "y": 55}, {"x": 236, "y": 61}, {"x": 227, "y": 74}, {"x": 225, "y": 79}, {"x": 218, "y": 89}, {"x": 216, "y": 99}, {"x": 216, "y": 107}, {"x": 214, "y": 114}, {"x": 214, "y": 135}, {"x": 217, "y": 150}, {"x": 222, "y": 156}, {"x": 229, "y": 162}, {"x": 234, "y": 165}, {"x": 240, "y": 169}, {"x": 246, "y": 173}, {"x": 253, "y": 175}, {"x": 263, "y": 178}, {"x": 273, "y": 179}, {"x": 286, "y": 179}, {"x": 291, "y": 180}, {"x": 305, "y": 182}, {"x": 318, "y": 184}, {"x": 325, "y": 185}, {"x": 329, "y": 186}, {"x": 351, "y": 195}, {"x": 365, "y": 205}, {"x": 370, "y": 210}, {"x": 375, "y": 213}, {"x": 386, "y": 215}, {"x": 393, "y": 216}, {"x": 401, "y": 217}, {"x": 408, "y": 217}, {"x": 414, "y": 216}, {"x": 416, "y": 213}, {"x": 417, "y": 60}, {"x": 409, "y": 59}, {"x": 399, "y": 52}, {"x": 393, "y": 50}, {"x": 384, "y": 50}, {"x": 372, "y": 48}, {"x": 365, "y": 48}, {"x": 350, "y": 44}, {"x": 344, "y": 43}, {"x": 332, "y": 43}, {"x": 323, "y": 43}, {"x": 313, "y": 41}, {"x": 312, "y": 40}], "annotation": {}, "regionType": "freehand"}]</svg></mark><mark><image>1</image><svg>[{"points": [{"x": 189, "y": 60}, {"x": 183, "y": 77}, {"x": 180, "y": 91}, {"x": 170, "y": 114}, {"x": 168, "y": 118}, {"x": 161, "y": 131}, {"x": 150, "y": 146}, {"x": 144, "y": 168}, {"x": 151, "y": 175}, {"x": 154, "y": 178}, {"x": 170, "y": 179}, {"x": 189, "y": 178}, {"x": 213, "y": 181}, {"x": 230, "y": 184}, {"x": 251, "y": 191}, {"x": 256, "y": 192}, {"x": 268, "y": 192}, {"x": 285, "y": 195}, {"x": 293, "y": 197}, {"x": 305, "y": 204}, {"x": 316, "y": 207}, {"x": 332, "y": 200}, {"x": 347, "y": 184}, {"x": 351, "y": 168}, {"x": 360, "y": 149}, {"x": 373, "y": 132}, {"x": 377, "y": 129}, {"x": 396, "y": 112}, {"x": 403, "y": 102}, {"x": 403, "y": 92}, {"x": 397, "y": 83}, {"x": 390, "y": 72}, {"x": 388, "y": 70}, {"x": 363, "y": 52}, {"x": 346, "y": 47}, {"x": 325, "y": 46}, {"x": 311, "y": 47}, {"x": 293, "y": 47}, {"x": 269, "y": 44}, {"x": 257, "y": 42}, {"x": 239, "y": 38}, {"x": 228, "y": 36}, {"x": 220, "y": 37}, {"x": 204, "y": 45}, {"x": 194, "y": 55}, {"x": 189, "y": 60}], "annotation": {}, "regionType": "freehand"}]</svg></mark></case>