<case><number>603</number><age>71</age><sex>F</sex><composition>spongiform appareance</composition><echogenicity>isoechogenicity</echogenicity><margins>well defined smooth</margins><calcifications>macrocalcification</calcifications><tirads>4a</tirads><reportbacaf></reportbacaf><reporteco></reporteco><mark><image>1</image><svg>[{"points": [{"x": 310, "y": 73}, {"x": 302, "y": 79}, {"x": 294, "y": 85}, {"x": 285, "y": 86}, {"x": 271, "y": 94}, {"x": 267, "y": 96}, {"x": 257, "y": 100}, {"x": 254, "y": 103}, {"x": 252, "y": 105}, {"x": 241, "y": 119}, {"x": 241, "y": 133}, {"x": 239, "y": 139}, {"x": 238, "y": 147}, {"x": 238, "y": 154}, {"x": 238, "y": 155}, {"x": 238, "y": 161}, {"x": 239, "y": 173}, {"x": 240, "y": 178}, {"x": 241, "y": 185}, {"x": 244, "y": 193}, {"x": 246, "y": 197}, {"x": 249, "y": 200}, {"x": 249, "y": 204}, {"x": 253, "y": 215}, {"x": 266, "y": 224}, {"x": 275, "y": 231}, {"x": 288, "y": 243}, {"x": 295, "y": 248}, {"x": 304, "y": 252}, {"x": 322, "y": 252}, {"x": 331, "y": 254}, {"x": 337, "y": 254}, {"x": 350, "y": 250}, {"x": 366, "y": 240}, {"x": 371, "y": 235}, {"x": 383, "y": 219}, {"x": 389, "y": 213}, {"x": 392, "y": 210}, {"x": 392, "y": 210}, {"x": 394, "y": 204}, {"x": 395, "y": 193}, {"x": 394, "y": 185}, {"x": 393, "y": 170}, {"x": 393, "y": 162}, {"x": 393, "y": 157}, {"x": 393, "y": 151}, {"x": 394, "y": 139}, {"x": 392, "y": 132}, {"x": 389, "y": 126}, {"x": 388, "y": 120}, {"x": 385, "y": 111}, {"x": 382, "y": 103}, {"x": 377, "y": 98}, {"x": 373, "y": 95}, {"x": 365, "y": 89}, {"x": 344, "y": 82}, {"x": 341, "y": 81}, {"x": 318, "y": 79}, {"x": 311, "y": 78}, {"x": 308, "y": 77}], "annotation": {}, "regionType": "freehand"}]</svg></mark></case>