<case><number>595</number><age>69</age><sex>M</sex><composition>spongiform appareance</composition><echogenicity>hyperechogenecity</echogenicity><margins>well defined smooth</margins><calcifications>microcalcification</calcifications><tirads>4a</tirads><reportbacaf></reportbacaf><reporteco>ARROW : CYSTIC COMPONENT </reporteco><mark><image>1</image><svg>[{"points": [{"x": 303, "y": 126}, {"x": 309, "y": 138}, {"x": 315, "y": 147}, {"x": 316, "y": 158}, {"x": 314, "y": 168}, {"x": 301, "y": 180}, {"x": 287, "y": 183}, {"x": 274, "y": 185}, {"x": 257, "y": 186}, {"x": 245, "y": 184}, {"x": 241, "y": 179}, {"x": 233, "y": 172}, {"x": 226, "y": 164}, {"x": 226, "y": 162}, {"x": 220, "y": 146}, {"x": 221, "y": 141}, {"x": 231, "y": 135}, {"x": 243, "y": 129}, {"x": 253, "y": 125}, {"x": 274, "y": 121}, {"x": 286, "y": 121}, {"x": 291, "y": 122}, {"x": 301, "y": 125}, {"x": 305, "y": 128}], "annotation": {}, "regionType": "freehand"}, {"points": [{"x": 216, "y": 219}, {"x": 244, "y": 170}], "annotation": {}, "regionType": "arrow"}]</svg></mark></case>