<case><number>569</number><age>38</age><sex>F</sex><composition>solid</composition><echogenicity>hypoechogenecity</echogenicity><margins>ill- defined</margins><calcifications>microcalcification</calcifications><tirads>5</tirads><reportbacaf></reportbacaf><reporteco></reporteco><mark><image>2</image><svg>[{"points": [{"x": 307, "y": 93}, {"x": 291, "y": 100}, {"x": 287, "y": 104}, {"x": 278, "y": 107}, {"x": 271, "y": 108}, {"x": 263, "y": 114}, {"x": 259, "y": 118}, {"x": 257, "y": 121}, {"x": 255, "y": 132}, {"x": 254, "y": 136}, {"x": 253, "y": 143}, {"x": 253, "y": 147}, {"x": 250, "y": 151}, {"x": 250, "y": 154}, {"x": 254, "y": 158}, {"x": 263, "y": 166}, {"x": 265, "y": 166}, {"x": 275, "y": 166}, {"x": 280, "y": 167}, {"x": 286, "y": 167}, {"x": 291, "y": 163}, {"x": 298, "y": 158}, {"x": 301, "y": 151}, {"x": 305, "y": 141}, {"x": 307, "y": 140}, {"x": 313, "y": 135}, {"x": 317, "y": 129}, {"x": 320, "y": 125}, {"x": 325, "y": 121}, {"x": 326, "y": 114}, {"x": 326, "y": 114}, {"x": 325, "y": 106}, {"x": 327, "y": 100}, {"x": 325, "y": 95}, {"x": 321, "y": 92}, {"x": 316, "y": 91}, {"x": 309, "y": 91}, {"x": 309, "y": 91}], "annotation": {}, "regionType": "freehand"}]</svg></mark><mark><image>1</image><svg></svg></mark></case>