<case><number>616</number><age>38</age><sex>F</sex><composition>solid</composition><echogenicity>isoechogenicity</echogenicity><margins>well defined smooth</margins><calcifications>microcalcification</calcifications><tirads>4a</tirads><reportbacaf></reportbacaf><reporteco></reporteco><mark><image>1</image><svg>[{"points": [{"x": 169, "y": 50}, {"x": 160, "y": 50}, {"x": 146, "y": 57}, {"x": 140, "y": 59}, {"x": 138, "y": 59}, {"x": 127, "y": 61}, {"x": 125, "y": 61}, {"x": 119, "y": 61}, {"x": 110, "y": 61}, {"x": 102, "y": 61}, {"x": 91, "y": 62}, {"x": 87, "y": 64}, {"x": 87, "y": 64}, {"x": 78, "y": 66}, {"x": 74, "y": 72}, {"x": 72, "y": 79}, {"x": 72, "y": 86}, {"x": 72, "y": 89}, {"x": 73, "y": 99}, {"x": 74, "y": 102}, {"x": 76, "y": 110}, {"x": 78, "y": 114}, {"x": 83, "y": 118}, {"x": 88, "y": 124}, {"x": 94, "y": 129}, {"x": 99, "y": 129}, {"x": 112, "y": 131}, {"x": 118, "y": 133}, {"x": 124, "y": 136}, {"x": 126, "y": 137}, {"x": 133, "y": 137}, {"x": 146, "y": 139}, {"x": 158, "y": 142}, {"x": 168, "y": 144}, {"x": 189, "y": 144}, {"x": 202, "y": 144}, {"x": 208, "y": 144}, {"x": 222, "y": 144}, {"x": 252, "y": 131}, {"x": 252, "y": 130}, {"x": 256, "y": 119}, {"x": 256, "y": 119}, {"x": 258, "y": 115}, {"x": 258, "y": 115}, {"x": 261, "y": 107}, {"x": 261, "y": 99}, {"x": 260, "y": 93}, {"x": 260, "y": 85}, {"x": 258, "y": 81}, {"x": 253, "y": 79}, {"x": 236, "y": 74}, {"x": 226, "y": 66}, {"x": 208, "y": 60}, {"x": 195, "y": 57}, {"x": 183, "y": 55}, {"x": 171, "y": 54}, {"x": 162, "y": 52}], "annotation": {}, "regionType": "freehand"}, {"points": [{"x": 404, "y": 52}, {"x": 392, "y": 52}, {"x": 382, "y": 53}, {"x": 373, "y": 55}, {"x": 363, "y": 59}, {"x": 353, "y": 63}, {"x": 345, "y": 67}, {"x": 341, "y": 73}, {"x": 340, "y": 85}, {"x": 340, "y": 94}, {"x": 340, "y": 101}, {"x": 341, "y": 103}, {"x": 342, "y": 118}, {"x": 344, "y": 126}, {"x": 349, "y": 133}, {"x": 356, "y": 137}, {"x": 361, "y": 137}, {"x": 374, "y": 138}, {"x": 387, "y": 139}, {"x": 395, "y": 140}, {"x": 402, "y": 138}, {"x": 411, "y": 135}, {"x": 418, "y": 134}, {"x": 429, "y": 130}, {"x": 435, "y": 129}, {"x": 447, "y": 128}, {"x": 458, "y": 128}, {"x": 465, "y": 126}, {"x": 470, "y": 123}, {"x": 477, "y": 113}, {"x": 479, "y": 107}, {"x": 481, "y": 103}, {"x": 481, "y": 94}, {"x": 480, "y": 89}, {"x": 480, "y": 83}, {"x": 475, "y": 72}, {"x": 467, "y": 68}, {"x": 464, "y": 67}, {"x": 454, "y": 66}, {"x": 450, "y": 65}, {"x": 432, "y": 63}, {"x": 423, "y": 61}, {"x": 414, "y": 56}, {"x": 407, "y": 53}, {"x": 404, "y": 52}], "annotation": {}, "regionType": "freehand"}]</svg></mark></case>