<case><number>636</number><age>59</age><sex>F</sex><composition>solid</composition><echogenicity>marked hypoechogenecity</echogenicity><margins>microlobulated</margins><calcifications>non</calcifications><tirads>4b</tirads><reportbacaf></reportbacaf><reporteco></reporteco><mark><image>1</image><svg>[{"points": [{"x": 298, "y": 105}, {"x": 286, "y": 106}, {"x": 276, "y": 112}, {"x": 269, "y": 116}, {"x": 258, "y": 120}, {"x": 246, "y": 125}, {"x": 239, "y": 129}, {"x": 233, "y": 133}, {"x": 228, "y": 141}, {"x": 227, "y": 147}, {"x": 227, "y": 153}, {"x": 228, "y": 159}, {"x": 232, "y": 167}, {"x": 238, "y": 171}, {"x": 246, "y": 174}, {"x": 253, "y": 176}, {"x": 263, "y": 178}, {"x": 283, "y": 178}, {"x": 292, "y": 179}, {"x": 305, "y": 181}, {"x": 312, "y": 183}, {"x": 324, "y": 186}, {"x": 328, "y": 187}, {"x": 335, "y": 189}, {"x": 341, "y": 189}, {"x": 349, "y": 188}, {"x": 357, "y": 190}, {"x": 366, "y": 185}, {"x": 367, "y": 181}, {"x": 369, "y": 176}, {"x": 372, "y": 166}, {"x": 372, "y": 161}, {"x": 371, "y": 154}, {"x": 366, "y": 150}, {"x": 359, "y": 144}, {"x": 352, "y": 139}, {"x": 348, "y": 130}, {"x": 344, "y": 122}, {"x": 336, "y": 117}, {"x": 320, "y": 110}, {"x": 310, "y": 108}, {"x": 304, "y": 106}, {"x": 296, "y": 105}], "annotation": {}, "regionType": "freehand"}]</svg></mark></case>