<case><number>645</number><age>73</age><sex>F</sex><composition>solid</composition><echogenicity>hyperechogenecity</echogenicity><margins>well defined smooth</margins><calcifications>non</calcifications><tirads>2</tirads><reportbacaf></reportbacaf><reporteco></reporteco><mark><image>1</image><svg>[{"points": [{"x": 274, "y": 79}, {"x": 267, "y": 80}, {"x": 254, "y": 84}, {"x": 247, "y": 90}, {"x": 239, "y": 96}, {"x": 233, "y": 101}, {"x": 228, "y": 109}, {"x": 223, "y": 113}, {"x": 223, "y": 113}, {"x": 214, "y": 122}, {"x": 211, "y": 132}, {"x": 211, "y": 136}, {"x": 210, "y": 143}, {"x": 210, "y": 152}, {"x": 211, "y": 158}, {"x": 214, "y": 165}, {"x": 220, "y": 174}, {"x": 221, "y": 176}, {"x": 224, "y": 184}, {"x": 227, "y": 188}, {"x": 233, "y": 193}, {"x": 240, "y": 197}, {"x": 246, "y": 200}, {"x": 254, "y": 204}, {"x": 263, "y": 206}, {"x": 283, "y": 207}, {"x": 288, "y": 207}, {"x": 302, "y": 207}, {"x": 311, "y": 208}, {"x": 320, "y": 208}, {"x": 329, "y": 208}, {"x": 340, "y": 205}, {"x": 347, "y": 202}, {"x": 353, "y": 197}, {"x": 359, "y": 192}, {"x": 368, "y": 183}, {"x": 373, "y": 178}, {"x": 376, "y": 174}, {"x": 379, "y": 170}, {"x": 379, "y": 166}, {"x": 380, "y": 157}, {"x": 380, "y": 153}, {"x": 380, "y": 148}, {"x": 380, "y": 147}, {"x": 377, "y": 136}, {"x": 373, "y": 130}, {"x": 364, "y": 116}, {"x": 360, "y": 111}, {"x": 353, "y": 103}, {"x": 350, "y": 101}, {"x": 334, "y": 95}, {"x": 330, "y": 94}, {"x": 310, "y": 91}, {"x": 305, "y": 90}, {"x": 289, "y": 87}, {"x": 283, "y": 83}, {"x": 279, "y": 81}], "annotation": {}, "regionType": "freehand"}]</svg></mark></case>