<case><number>643</number><age>61</age><sex>F</sex><composition>spongiform appareance</composition><echogenicity>isoechogenicity</echogenicity><margins>ill- defined</margins><calcifications>microcalcification</calcifications><tirads>4c</tirads><reportbacaf></reportbacaf><reporteco></reporteco><mark><image>1</image><svg>[{"points": [{"x": 228, "y": 51}, {"x": 217, "y": 53}, {"x": 210, "y": 60}, {"x": 202, "y": 66}, {"x": 197, "y": 71}, {"x": 195, "y": 72}, {"x": 187, "y": 79}, {"x": 178, "y": 89}, {"x": 175, "y": 94}, {"x": 170, "y": 103}, {"x": 167, "y": 111}, {"x": 167, "y": 115}, {"x": 166, "y": 132}, {"x": 166, "y": 140}, {"x": 169, "y": 152}, {"x": 169, "y": 152}, {"x": 175, "y": 159}, {"x": 178, "y": 164}, {"x": 184, "y": 172}, {"x": 188, "y": 175}, {"x": 196, "y": 180}, {"x": 202, "y": 182}, {"x": 209, "y": 186}, {"x": 217, "y": 189}, {"x": 222, "y": 192}, {"x": 231, "y": 196}, {"x": 242, "y": 200}, {"x": 247, "y": 204}, {"x": 248, "y": 205}, {"x": 273, "y": 221}, {"x": 280, "y": 226}, {"x": 307, "y": 239}, {"x": 319, "y": 245}, {"x": 329, "y": 248}, {"x": 346, "y": 253}, {"x": 359, "y": 255}, {"x": 367, "y": 252}, {"x": 377, "y": 246}, {"x": 383, "y": 241}, {"x": 388, "y": 236}, {"x": 389, "y": 235}, {"x": 397, "y": 225}, {"x": 403, "y": 216}, {"x": 409, "y": 204}, {"x": 412, "y": 198}, {"x": 414, "y": 193}, {"x": 415, "y": 180}, {"x": 418, "y": 174}, {"x": 420, "y": 166}, {"x": 421, "y": 157}, {"x": 421, "y": 147}, {"x": 422, "y": 141}, {"x": 422, "y": 131}, {"x": 421, "y": 124}, {"x": 420, "y": 116}, {"x": 420, "y": 110}, {"x": 404, "y": 88}, {"x": 399, "y": 84}, {"x": 394, "y": 79}, {"x": 392, "y": 78}, {"x": 392, "y": 77}, {"x": 383, "y": 70}, {"x": 376, "y": 64}, {"x": 369, "y": 58}, {"x": 359, "y": 53}, {"x": 329, "y": 51}, {"x": 298, "y": 49}, {"x": 273, "y": 48}, {"x": 258, "y": 48}, {"x": 241, "y": 49}, {"x": 227, "y": 50}, {"x": 227, "y": 50}], "annotation": {}, "regionType": "freehand"}]</svg></mark></case>