<case><number>637</number><age>69</age><sex>F</sex><composition>solid</composition><echogenicity>hypoechogenecity</echogenicity><margins>well defined smooth</margins><calcifications>macrocalcification</calcifications><tirads>4b</tirads><reportbacaf></reportbacaf><reporteco></reporteco><mark><image>1</image><svg>[{"points": [{"x": 270, "y": 37}, {"x": 265, "y": 40}, {"x": 255, "y": 41}, {"x": 240, "y": 46}, {"x": 233, "y": 49}, {"x": 226, "y": 54}, {"x": 217, "y": 61}, {"x": 214, "y": 70}, {"x": 213, "y": 82}, {"x": 215, "y": 88}, {"x": 217, "y": 96}, {"x": 220, "y": 103}, {"x": 226, "y": 108}, {"x": 230, "y": 113}, {"x": 232, "y": 118}, {"x": 238, "y": 127}, {"x": 241, "y": 129}, {"x": 244, "y": 131}, {"x": 254, "y": 132}, {"x": 263, "y": 132}, {"x": 275, "y": 134}, {"x": 289, "y": 134}, {"x": 295, "y": 132}, {"x": 305, "y": 131}, {"x": 318, "y": 128}, {"x": 341, "y": 118}, {"x": 355, "y": 104}, {"x": 357, "y": 99}, {"x": 359, "y": 92}, {"x": 358, "y": 84}, {"x": 356, "y": 80}, {"x": 349, "y": 66}, {"x": 344, "y": 57}, {"x": 340, "y": 49}, {"x": 334, "y": 42}, {"x": 320, "y": 38}, {"x": 299, "y": 38}, {"x": 288, "y": 38}, {"x": 271, "y": 38}, {"x": 271, "y": 38}, {"x": 264, "y": 37}], "annotation": {}, "regionType": "freehand"}]</svg></mark></case>