<case><number>624</number><age>52</age><sex>F</sex><composition>spongiform appareance</composition><echogenicity>isoechogenicity</echogenicity><margins>well defined smooth</margins><calcifications>microcalcification</calcifications><tirads>4a</tirads><reportbacaf></reportbacaf><reporteco></reporteco><mark><image>1</image><svg>[{"points": [{"x": 288, "y": 64}, {"x": 274, "y": 65}, {"x": 254, "y": 70}, {"x": 239, "y": 79}, {"x": 227, "y": 90}, {"x": 218, "y": 93}, {"x": 211, "y": 96}, {"x": 199, "y": 110}, {"x": 198, "y": 113}, {"x": 198, "y": 116}, {"x": 198, "y": 126}, {"x": 199, "y": 134}, {"x": 200, "y": 144}, {"x": 202, "y": 151}, {"x": 208, "y": 158}, {"x": 210, "y": 165}, {"x": 210, "y": 166}, {"x": 215, "y": 170}, {"x": 219, "y": 177}, {"x": 228, "y": 186}, {"x": 233, "y": 191}, {"x": 242, "y": 199}, {"x": 248, "y": 205}, {"x": 257, "y": 209}, {"x": 262, "y": 212}, {"x": 269, "y": 217}, {"x": 279, "y": 220}, {"x": 289, "y": 221}, {"x": 299, "y": 221}, {"x": 314, "y": 222}, {"x": 337, "y": 221}, {"x": 350, "y": 220}, {"x": 367, "y": 214}, {"x": 376, "y": 209}, {"x": 387, "y": 207}, {"x": 416, "y": 186}, {"x": 417, "y": 184}, {"x": 419, "y": 179}, {"x": 420, "y": 163}, {"x": 421, "y": 160}, {"x": 422, "y": 147}, {"x": 425, "y": 137}, {"x": 425, "y": 127}, {"x": 425, "y": 122}, {"x": 418, "y": 113}, {"x": 410, "y": 104}, {"x": 408, "y": 99}, {"x": 405, "y": 88}, {"x": 401, "y": 85}, {"x": 389, "y": 82}, {"x": 376, "y": 79}, {"x": 323, "y": 69}, {"x": 309, "y": 68}, {"x": 303, "y": 67}, {"x": 298, "y": 67}, {"x": 290, "y": 66}, {"x": 285, "y": 65}], "annotation": {}, "regionType": "freehand"}]</svg></mark></case>