<case><number>585</number><age>46</age><sex>F</sex><composition>spongiform appareance</composition><echogenicity>isoechogenicity</echogenicity><margins>well defined smooth</margins><calcifications>non</calcifications><tirads>2</tirads><reportbacaf></reportbacaf><reporteco></reporteco><mark><image>1</image><svg>[{"points": [{"x": 190, "y": 102}, {"x": 187, "y": 112}, {"x": 183, "y": 118}, {"x": 187, "y": 141}, {"x": 191, "y": 147}, {"x": 196, "y": 155}, {"x": 203, "y": 165}, {"x": 213, "y": 179}, {"x": 222, "y": 194}, {"x": 230, "y": 205}, {"x": 241, "y": 215}, {"x": 252, "y": 222}, {"x": 265, "y": 227}, {"x": 267, "y": 227}, {"x": 278, "y": 233}, {"x": 289, "y": 237}, {"x": 307, "y": 240}, {"x": 330, "y": 237}, {"x": 339, "y": 236}, {"x": 349, "y": 232}, {"x": 362, "y": 227}, {"x": 369, "y": 224}, {"x": 375, "y": 219}, {"x": 384, "y": 215}, {"x": 388, "y": 212}, {"x": 394, "y": 209}, {"x": 400, "y": 204}, {"x": 404, "y": 196}, {"x": 410, "y": 183}, {"x": 412, "y": 178}, {"x": 412, "y": 174}, {"x": 413, "y": 165}, {"x": 414, "y": 161}, {"x": 417, "y": 151}, {"x": 418, "y": 138}, {"x": 418, "y": 131}, {"x": 415, "y": 118}, {"x": 408, "y": 111}, {"x": 402, "y": 102}, {"x": 388, "y": 97}, {"x": 377, "y": 96}, {"x": 362, "y": 96}, {"x": 346, "y": 96}, {"x": 335, "y": 96}, {"x": 319, "y": 94}, {"x": 310, "y": 93}, {"x": 299, "y": 92}, {"x": 289, "y": 92}, {"x": 279, "y": 92}, {"x": 269, "y": 92}, {"x": 260, "y": 91}, {"x": 258, "y": 91}, {"x": 246, "y": 91}, {"x": 239, "y": 91}, {"x": 228, "y": 91}, {"x": 222, "y": 92}, {"x": 216, "y": 94}, {"x": 215, "y": 94}, {"x": 209, "y": 95}, {"x": 197, "y": 99}, {"x": 193, "y": 103}], "annotation": {}, "regionType": "freehand"}]</svg></mark></case>