<case><number>621</number><age>70</age><sex>F</sex><composition>spongiform appareance</composition><echogenicity>hypoechogenecity</echogenicity><margins>well defined smooth</margins><calcifications>microcalcification</calcifications><tirads>4a</tirads><reportbacaf></reportbacaf><reporteco>THYROIDITIS ( ARROWS) MULTIPLE PSEUDONODULES.
CENTER: SPONGIFORM NODULE 
</reporteco><mark><image>1</image><svg>[{"points": [{"x": 357, "y": 82}, {"x": 350, "y": 82}, {"x": 342, "y": 85}, {"x": 335, "y": 94}, {"x": 330, "y": 114}, {"x": 338, "y": 138}, {"x": 358, "y": 156}, {"x": 368, "y": 163}, {"x": 381, "y": 162}, {"x": 392, "y": 144}, {"x": 398, "y": 130}, {"x": 398, "y": 111}, {"x": 390, "y": 97}, {"x": 375, "y": 87}, {"x": 364, "y": 81}, {"x": 358, "y": 79}], "annotation": {}, "regionType": "freehand"}, {"points": [{"x": 357, "y": 82}, {"x": 350, "y": 82}, {"x": 342, "y": 85}, {"x": 335, "y": 94}, {"x": 330, "y": 114}, {"x": 338, "y": 138}, {"x": 358, "y": 156}, {"x": 368, "y": 163}, {"x": 381, "y": 162}, {"x": 392, "y": 144}, {"x": 398, "y": 130}, {"x": 398, "y": 111}, {"x": 390, "y": 97}, {"x": 375, "y": 87}, {"x": 364, "y": 81}, {"x": 358, "y": 79}], "annotation": {}, "regionType": "freehand"}, {"points": [{"x": 357, "y": 82}, {"x": 350, "y": 82}, {"x": 342, "y": 85}, {"x": 335, "y": 94}, {"x": 330, "y": 114}, {"x": 338, "y": 138}, {"x": 358, "y": 156}, {"x": 368, "y": 163}, {"x": 381, "y": 162}, {"x": 392, "y": 144}, {"x": 398, "y": 130}, {"x": 398, "y": 111}, {"x": 390, "y": 97}, {"x": 375, "y": 87}, {"x": 364, "y": 81}, {"x": 358, "y": 79}], "annotation": {}, "regionType": "freehand"}, {"points": [{"x": 357, "y": 82}, {"x": 350, "y": 82}, {"x": 342, "y": 85}, {"x": 335, "y": 94}, {"x": 330, "y": 114}, {"x": 338, "y": 138}, {"x": 358, "y": 156}, {"x": 368, "y": 163}, {"x": 381, "y": 162}, {"x": 392, "y": 144}, {"x": 398, "y": 130}, {"x": 398, "y": 111}, {"x": 390, "y": 97}, {"x": 375, "y": 87}, {"x": 364, "y": 81}, {"x": 358, "y": 79}], "annotation": {}, "regionType": "freehand"}, {"points": [{"x": 261, "y": 118}, {"x": 258, "y": 125}, {"x": 256, "y": 135}, {"x": 255, "y": 144}, {"x": 255, "y": 150}, {"x": 255, "y": 163}, {"x": 255, "y": 169}, {"x": 249, "y": 187}, {"x": 238, "y": 195}, {"x": 230, "y": 195}, {"x": 223, "y": 196}, {"x": 187, "y": 196}, {"x": 181, "y": 193}, {"x": 172, "y": 184}, {"x": 156, "y": 177}, {"x": 146, "y": 175}, {"x": 137, "y": 165}, {"x": 134, "y": 158}, {"x": 130, "y": 147}, {"x": 130, "y": 132}, {"x": 132, "y": 121}, {"x": 138, "y": 110}, {"x": 142, "y": 107}, {"x": 156, "y": 90}, {"x": 170, "y": 87}, {"x": 183, "y": 87}, {"x": 196, "y": 85}, {"x": 201, "y": 85}, {"x": 217, "y": 87}, {"x": 220, "y": 90}, {"x": 234, "y": 97}, {"x": 243, "y": 104}, {"x": 250, "y": 108}, {"x": 254, "y": 110}, {"x": 259, "y": 114}, {"x": 259, "y": 119}], "annotation": {}, "regionType": "freehand"}]</svg></mark></case>