<case><number>602</number><age>47</age><sex>F</sex><composition>spongiform appareance</composition><echogenicity>isoechogenicity</echogenicity><margins>well defined smooth</margins><calcifications>non</calcifications><tirads>2</tirads><reportbacaf></reportbacaf><reporteco></reporteco><mark><image>2</image><svg>[{"points": [{"x": 330, "y": 44}, {"x": 317, "y": 49}, {"x": 310, "y": 52}, {"x": 301, "y": 53}, {"x": 292, "y": 60}, {"x": 287, "y": 63}, {"x": 278, "y": 73}, {"x": 274, "y": 77}, {"x": 273, "y": 78}, {"x": 265, "y": 88}, {"x": 259, "y": 95}, {"x": 259, "y": 102}, {"x": 256, "y": 108}, {"x": 254, "y": 114}, {"x": 253, "y": 117}, {"x": 255, "y": 132}, {"x": 257, "y": 140}, {"x": 260, "y": 150}, {"x": 262, "y": 158}, {"x": 266, "y": 163}, {"x": 274, "y": 173}, {"x": 277, "y": 179}, {"x": 280, "y": 185}, {"x": 287, "y": 192}, {"x": 310, "y": 203}, {"x": 319, "y": 203}, {"x": 335, "y": 204}, {"x": 341, "y": 204}, {"x": 354, "y": 203}, {"x": 361, "y": 201}, {"x": 370, "y": 194}, {"x": 374, "y": 191}, {"x": 382, "y": 187}, {"x": 393, "y": 180}, {"x": 400, "y": 176}, {"x": 407, "y": 170}, {"x": 412, "y": 164}, {"x": 413, "y": 161}, {"x": 414, "y": 153}, {"x": 415, "y": 145}, {"x": 415, "y": 136}, {"x": 416, "y": 130}, {"x": 416, "y": 122}, {"x": 416, "y": 117}, {"x": 416, "y": 112}, {"x": 416, "y": 109}, {"x": 416, "y": 97}, {"x": 414, "y": 91}, {"x": 410, "y": 81}, {"x": 407, "y": 73}, {"x": 400, "y": 69}, {"x": 394, "y": 67}, {"x": 384, "y": 62}, {"x": 374, "y": 55}, {"x": 372, "y": 53}, {"x": 367, "y": 51}, {"x": 356, "y": 48}, {"x": 349, "y": 46}, {"x": 342, "y": 45}, {"x": 342, "y": 45}, {"x": 336, "y": 45}, {"x": 329, "y": 44}], "annotation": {}, "regionType": "freehand"}]</svg></mark></case>