<case><number>589</number><age>23</age><sex>F</sex><composition>spongiform appareance</composition><echogenicity>isoechogenicity</echogenicity><margins>well defined smooth</margins><calcifications>non</calcifications><tirads>3</tirads><reportbacaf></reportbacaf><reporteco></reporteco><mark><image>1</image><svg>[{"points": [{"x": 262, "y": 97}, {"x": 252, "y": 103}, {"x": 246, "y": 110}, {"x": 236, "y": 117}, {"x": 230, "y": 127}, {"x": 223, "y": 141}, {"x": 221, "y": 149}, {"x": 220, "y": 159}, {"x": 221, "y": 170}, {"x": 225, "y": 183}, {"x": 238, "y": 202}, {"x": 254, "y": 209}, {"x": 272, "y": 211}, {"x": 291, "y": 213}, {"x": 297, "y": 214}, {"x": 319, "y": 213}, {"x": 330, "y": 206}, {"x": 336, "y": 201}, {"x": 344, "y": 189}, {"x": 346, "y": 169}, {"x": 346, "y": 158}, {"x": 345, "y": 150}, {"x": 338, "y": 135}, {"x": 331, "y": 124}, {"x": 322, "y": 115}, {"x": 313, "y": 109}, {"x": 305, "y": 101}, {"x": 291, "y": 100}, {"x": 271, "y": 93}], "annotation": {}, "regionType": "freehand"}]</svg></mark><mark><image>2</image><svg>[{"points": [{"x": 229, "y": 134}, {"x": 229, "y": 141}, {"x": 230, "y": 147}, {"x": 232, "y": 152}, {"x": 232, "y": 153}, {"x": 236, "y": 162}, {"x": 239, "y": 172}, {"x": 242, "y": 175}, {"x": 250, "y": 181}, {"x": 252, "y": 183}, {"x": 254, "y": 184}, {"x": 262, "y": 186}, {"x": 266, "y": 188}, {"x": 269, "y": 188}, {"x": 273, "y": 190}, {"x": 277, "y": 190}, {"x": 282, "y": 191}, {"x": 285, "y": 191}, {"x": 292, "y": 188}, {"x": 293, "y": 188}, {"x": 296, "y": 186}, {"x": 299, "y": 186}, {"x": 302, "y": 184}, {"x": 305, "y": 177}, {"x": 307, "y": 173}, {"x": 310, "y": 170}, {"x": 312, "y": 166}, {"x": 314, "y": 160}, {"x": 315, "y": 155}, {"x": 315, "y": 152}, {"x": 312, "y": 145}, {"x": 308, "y": 142}, {"x": 305, "y": 139}, {"x": 300, "y": 135}, {"x": 298, "y": 132}, {"x": 298, "y": 131}, {"x": 296, "y": 128}, {"x": 293, "y": 124}, {"x": 291, "y": 122}, {"x": 289, "y": 120}, {"x": 286, "y": 116}, {"x": 284, "y": 112}, {"x": 278, "y": 110}, {"x": 272, "y": 110}, {"x": 268, "y": 111}, {"x": 263, "y": 114}, {"x": 257, "y": 116}, {"x": 246, "y": 122}, {"x": 240, "y": 124}, {"x": 234, "y": 127}, {"x": 232, "y": 130}, {"x": 230, "y": 133}, {"x": 230, "y": 135}], "annotation": {}, "regionType": "freehand"}]</svg></mark></case>