<case><number>577</number><age>47</age><sex>F</sex><composition>spongiform appareance</composition><echogenicity>isoechogenicity</echogenicity><margins>well defined smooth</margins><calcifications>non</calcifications><tirads>3</tirads><reportbacaf></reportbacaf><reporteco></reporteco><mark><image>1</image><svg>[{"points": [{"x": 318, "y": 222}, {"x": 323, "y": 223}, {"x": 331, "y": 225}, {"x": 339, "y": 227}, {"x": 346, "y": 227}, {"x": 357, "y": 227}, {"x": 375, "y": 228}, {"x": 380, "y": 228}, {"x": 390, "y": 229}, {"x": 408, "y": 229}, {"x": 412, "y": 229}, {"x": 422, "y": 228}, {"x": 430, "y": 225}, {"x": 433, "y": 220}, {"x": 434, "y": 211}, {"x": 435, "y": 206}, {"x": 437, "y": 200}, {"x": 437, "y": 200}, {"x": 437, "y": 192}, {"x": 434, "y": 177}, {"x": 434, "y": 171}, {"x": 433, "y": 164}, {"x": 432, "y": 155}, {"x": 427, "y": 147}, {"x": 422, "y": 143}, {"x": 415, "y": 136}, {"x": 413, "y": 127}, {"x": 413, "y": 124}, {"x": 413, "y": 118}, {"x": 412, "y": 102}, {"x": 413, "y": 95}, {"x": 412, "y": 88}, {"x": 408, "y": 82}, {"x": 394, "y": 75}, {"x": 384, "y": 73}, {"x": 369, "y": 72}, {"x": 360, "y": 74}, {"x": 353, "y": 77}, {"x": 347, "y": 79}, {"x": 340, "y": 80}, {"x": 321, "y": 80}, {"x": 313, "y": 80}, {"x": 293, "y": 80}, {"x": 279, "y": 78}, {"x": 273, "y": 78}, {"x": 261, "y": 79}, {"x": 248, "y": 85}, {"x": 242, "y": 86}, {"x": 234, "y": 88}, {"x": 226, "y": 88}, {"x": 208, "y": 93}, {"x": 194, "y": 96}, {"x": 187, "y": 103}, {"x": 184, "y": 106}, {"x": 177, "y": 115}, {"x": 167, "y": 136}, {"x": 167, "y": 155}, {"x": 185, "y": 166}, {"x": 192, "y": 167}, {"x": 198, "y": 169}, {"x": 205, "y": 171}, {"x": 229, "y": 176}, {"x": 246, "y": 182}, {"x": 266, "y": 191}, {"x": 281, "y": 197}, {"x": 291, "y": 203}, {"x": 312, "y": 220}, {"x": 316, "y": 222}, {"x": 316, "y": 222}], "annotation": {}, "regionType": "freehand"}]</svg></mark><mark><image>2</image><svg>[{"points": [{"x": 250, "y": 105}, {"x": 241, "y": 113}, {"x": 230, "y": 126}, {"x": 225, "y": 133}, {"x": 219, "y": 149}, {"x": 217, "y": 158}, {"x": 213, "y": 178}, {"x": 216, "y": 204}, {"x": 222, "y": 223}, {"x": 232, "y": 242}, {"x": 246, "y": 256}, {"x": 263, "y": 262}, {"x": 289, "y": 267}, {"x": 312, "y": 267}, {"x": 342, "y": 264}, {"x": 361, "y": 259}, {"x": 374, "y": 252}, {"x": 384, "y": 240}, {"x": 390, "y": 222}, {"x": 392, "y": 201}, {"x": 392, "y": 183}, {"x": 388, "y": 154}, {"x": 382, "y": 137}, {"x": 378, "y": 130}, {"x": 369, "y": 115}, {"x": 360, "y": 107}, {"x": 349, "y": 103}, {"x": 346, "y": 99}, {"x": 346, "y": 99}, {"x": 342, "y": 96}, {"x": 340, "y": 95}, {"x": 328, "y": 91}, {"x": 310, "y": 89}, {"x": 295, "y": 90}, {"x": 283, "y": 94}, {"x": 271, "y": 95}, {"x": 260, "y": 98}, {"x": 253, "y": 101}, {"x": 251, "y": 101}], "annotation": {}, "regionType": "freehand"}]</svg></mark><mark><image>3</image><svg>[{"points": [{"x": 206, "y": 68}, {"x": 201, "y": 71}, {"x": 193, "y": 80}, {"x": 189, "y": 90}, {"x": 183, "y": 102}, {"x": 178, "y": 117}, {"x": 173, "y": 127}, {"x": 177, "y": 138}, {"x": 187, "y": 150}, {"x": 193, "y": 160}, {"x": 201, "y": 172}, {"x": 221, "y": 184}, {"x": 237, "y": 189}, {"x": 263, "y": 196}, {"x": 282, "y": 197}, {"x": 296, "y": 198}, {"x": 310, "y": 198}, {"x": 324, "y": 199}, {"x": 332, "y": 194}, {"x": 334, "y": 190}, {"x": 342, "y": 177}, {"x": 344, "y": 171}, {"x": 360, "y": 151}, {"x": 366, "y": 140}, {"x": 375, "y": 117}, {"x": 375, "y": 109}, {"x": 375, "y": 98}, {"x": 373, "y": 87}, {"x": 367, "y": 79}, {"x": 360, "y": 75}, {"x": 346, "y": 69}, {"x": 326, "y": 69}, {"x": 325, "y": 69}, {"x": 306, "y": 64}, {"x": 292, "y": 62}, {"x": 279, "y": 61}, {"x": 268, "y": 60}, {"x": 263, "y": 60}, {"x": 255, "y": 60}, {"x": 243, "y": 58}, {"x": 228, "y": 57}, {"x": 209, "y": 58}, {"x": 204, "y": 63}], "annotation": {}, "regionType": "freehand"}]</svg></mark></case>