<case><number>545</number><age>72</age><sex>F</sex><composition>solid</composition><echogenicity>marked hypoechogenecity</echogenicity><margins>ill- defined</margins><calcifications>microcalcification</calcifications><tirads>5</tirads><reportbacaf></reportbacaf><reporteco></reporteco><mark><image>1</image><svg>[{"points": [{"x": 413, "y": 91}, {"x": 406, "y": 93}, {"x": 394, "y": 100}, {"x": 389, "y": 107}, {"x": 387, "y": 111}, {"x": 386, "y": 118}, {"x": 385, "y": 127}, {"x": 396, "y": 148}, {"x": 407, "y": 152}, {"x": 411, "y": 155}, {"x": 411, "y": 160}, {"x": 410, "y": 168}, {"x": 410, "y": 175}, {"x": 410, "y": 180}, {"x": 415, "y": 187}, {"x": 422, "y": 189}, {"x": 435, "y": 189}, {"x": 443, "y": 189}, {"x": 448, "y": 188}, {"x": 452, "y": 177}, {"x": 453, "y": 173}, {"x": 453, "y": 162}, {"x": 449, "y": 159}, {"x": 444, "y": 155}, {"x": 442, "y": 150}, {"x": 443, "y": 142}, {"x": 445, "y": 140}, {"x": 447, "y": 136}, {"x": 448, "y": 133}, {"x": 449, "y": 130}, {"x": 449, "y": 129}, {"x": 449, "y": 121}, {"x": 449, "y": 116}, {"x": 447, "y": 112}, {"x": 444, "y": 108}, {"x": 442, "y": 105}, {"x": 438, "y": 103}, {"x": 432, "y": 100}, {"x": 428, "y": 102}, {"x": 417, "y": 94}, {"x": 416, "y": 94}, {"x": 410, "y": 92}, {"x": 410, "y": 91}], "annotation": {}, "regionType": "freehand"}]</svg></mark><mark><image>2</image><svg>[{"points": [{"x": 291, "y": 76}, {"x": 281, "y": 84}, {"x": 277, "y": 92}, {"x": 273, "y": 103}, {"x": 271, "y": 115}, {"x": 271, "y": 122}, {"x": 280, "y": 139}, {"x": 286, "y": 145}, {"x": 306, "y": 158}, {"x": 306, "y": 170}, {"x": 306, "y": 175}, {"x": 306, "y": 179}, {"x": 304, "y": 184}, {"x": 304, "y": 186}, {"x": 304, "y": 188}, {"x": 309, "y": 200}, {"x": 310, "y": 202}, {"x": 319, "y": 204}, {"x": 327, "y": 210}, {"x": 338, "y": 215}, {"x": 344, "y": 215}, {"x": 350, "y": 215}, {"x": 355, "y": 213}, {"x": 363, "y": 210}, {"x": 368, "y": 203}, {"x": 370, "y": 193}, {"x": 371, "y": 181}, {"x": 371, "y": 171}, {"x": 367, "y": 163}, {"x": 363, "y": 158}, {"x": 363, "y": 152}, {"x": 363, "y": 149}, {"x": 366, "y": 138}, {"x": 367, "y": 129}, {"x": 367, "y": 119}, {"x": 363, "y": 108}, {"x": 357, "y": 101}, {"x": 353, "y": 95}, {"x": 352, "y": 95}, {"x": 345, "y": 90}, {"x": 341, "y": 87}, {"x": 341, "y": 87}, {"x": 332, "y": 81}, {"x": 327, "y": 80}, {"x": 322, "y": 77}, {"x": 319, "y": 76}, {"x": 308, "y": 73}, {"x": 300, "y": 72}, {"x": 296, "y": 73}, {"x": 290, "y": 80}], "annotation": {}, "regionType": "freehand"}]</svg></mark></case>