<case><number>600</number><age>76</age><sex>F</sex><composition>spongiform appareance</composition><echogenicity>hyperechogenecity</echogenicity><margins>well defined smooth</margins><calcifications>microcalcification</calcifications><tirads>2</tirads><reportbacaf></reportbacaf><reporteco></reporteco><mark><image>1</image><svg>[{"points": [{"x": 252, "y": 29}, {"x": 237, "y": 28}, {"x": 225, "y": 34}, {"x": 215, "y": 39}, {"x": 208, "y": 43}, {"x": 201, "y": 45}, {"x": 193, "y": 47}, {"x": 179, "y": 50}, {"x": 171, "y": 52}, {"x": 161, "y": 55}, {"x": 155, "y": 58}, {"x": 149, "y": 60}, {"x": 140, "y": 82}, {"x": 139, "y": 92}, {"x": 139, "y": 95}, {"x": 138, "y": 142}, {"x": 140, "y": 147}, {"x": 141, "y": 151}, {"x": 151, "y": 156}, {"x": 159, "y": 158}, {"x": 165, "y": 162}, {"x": 168, "y": 165}, {"x": 175, "y": 172}, {"x": 185, "y": 177}, {"x": 193, "y": 184}, {"x": 200, "y": 191}, {"x": 208, "y": 195}, {"x": 215, "y": 198}, {"x": 219, "y": 202}, {"x": 230, "y": 206}, {"x": 244, "y": 209}, {"x": 253, "y": 211}, {"x": 264, "y": 214}, {"x": 285, "y": 216}, {"x": 298, "y": 215}, {"x": 308, "y": 213}, {"x": 315, "y": 212}, {"x": 329, "y": 207}, {"x": 343, "y": 202}, {"x": 347, "y": 196}, {"x": 351, "y": 192}, {"x": 356, "y": 184}, {"x": 365, "y": 175}, {"x": 367, "y": 171}, {"x": 370, "y": 167}, {"x": 378, "y": 162}, {"x": 381, "y": 160}, {"x": 389, "y": 154}, {"x": 397, "y": 146}, {"x": 400, "y": 139}, {"x": 401, "y": 130}, {"x": 402, "y": 128}, {"x": 403, "y": 118}, {"x": 403, "y": 112}, {"x": 403, "y": 106}, {"x": 403, "y": 96}, {"x": 403, "y": 87}, {"x": 404, "y": 83}, {"x": 406, "y": 67}, {"x": 402, "y": 62}, {"x": 396, "y": 57}, {"x": 389, "y": 54}, {"x": 383, "y": 52}, {"x": 374, "y": 49}, {"x": 371, "y": 48}, {"x": 355, "y": 41}, {"x": 342, "y": 40}, {"x": 330, "y": 38}, {"x": 322, "y": 37}, {"x": 309, "y": 37}, {"x": 286, "y": 37}, {"x": 281, "y": 37}, {"x": 272, "y": 36}, {"x": 264, "y": 35}, {"x": 256, "y": 33}, {"x": 254, "y": 30}, {"x": 253, "y": 29}], "annotation": {}, "regionType": "freehand"}]</svg></mark></case>