<case><number>591</number><age>44</age><sex>F</sex><composition>spongiform appareance</composition><echogenicity>hyperechogenecity</echogenicity><margins>well defined smooth</margins><calcifications>non</calcifications><tirads>2</tirads><reportbacaf></reportbacaf><reporteco></reporteco><mark><image>1</image><svg>[{"points": [{"x": 193, "y": 91}, {"x": 191, "y": 104}, {"x": 191, "y": 113}, {"x": 189, "y": 124}, {"x": 188, "y": 130}, {"x": 184, "y": 142}, {"x": 182, "y": 147}, {"x": 178, "y": 154}, {"x": 173, "y": 163}, {"x": 168, "y": 175}, {"x": 170, "y": 191}, {"x": 176, "y": 196}, {"x": 182, "y": 213}, {"x": 184, "y": 222}, {"x": 185, "y": 231}, {"x": 187, "y": 240}, {"x": 194, "y": 255}, {"x": 202, "y": 263}, {"x": 206, "y": 266}, {"x": 214, "y": 271}, {"x": 220, "y": 274}, {"x": 238, "y": 278}, {"x": 248, "y": 278}, {"x": 257, "y": 278}, {"x": 269, "y": 278}, {"x": 275, "y": 278}, {"x": 284, "y": 276}, {"x": 291, "y": 273}, {"x": 297, "y": 270}, {"x": 305, "y": 263}, {"x": 311, "y": 257}, {"x": 317, "y": 254}, {"x": 326, "y": 254}, {"x": 339, "y": 253}, {"x": 350, "y": 253}, {"x": 359, "y": 253}, {"x": 365, "y": 253}, {"x": 377, "y": 254}, {"x": 385, "y": 255}, {"x": 397, "y": 256}, {"x": 403, "y": 257}, {"x": 415, "y": 257}, {"x": 424, "y": 255}, {"x": 429, "y": 247}, {"x": 437, "y": 227}, {"x": 445, "y": 191}, {"x": 448, "y": 184}, {"x": 451, "y": 175}, {"x": 452, "y": 167}, {"x": 445, "y": 153}, {"x": 444, "y": 135}, {"x": 442, "y": 127}, {"x": 440, "y": 119}, {"x": 436, "y": 111}, {"x": 427, "y": 105}, {"x": 416, "y": 101}, {"x": 409, "y": 99}, {"x": 396, "y": 97}, {"x": 383, "y": 97}, {"x": 378, "y": 96}, {"x": 348, "y": 93}, {"x": 344, "y": 93}, {"x": 326, "y": 92}, {"x": 312, "y": 92}, {"x": 307, "y": 92}, {"x": 281, "y": 91}, {"x": 274, "y": 91}, {"x": 265, "y": 90}, {"x": 260, "y": 88}, {"x": 247, "y": 85}, {"x": 235, "y": 85}, {"x": 207, "y": 84}, {"x": 199, "y": 84}, {"x": 192, "y": 88}], "annotation": {}, "regionType": "freehand"}]</svg></mark></case>