<case><number>581</number><age>33</age><sex>F</sex><composition>spongiform appareance</composition><echogenicity>isoechogenicity</echogenicity><margins>well defined smooth</margins><calcifications>non</calcifications><tirads>2</tirads><reportbacaf></reportbacaf><reporteco></reporteco><mark><image>1</image><svg>[{"points": [{"x": 375, "y": 129}, {"x": 367, "y": 140}, {"x": 363, "y": 148}, {"x": 356, "y": 161}, {"x": 352, "y": 164}, {"x": 337, "y": 173}, {"x": 330, "y": 177}, {"x": 317, "y": 187}, {"x": 300, "y": 187}, {"x": 288, "y": 189}, {"x": 280, "y": 189}, {"x": 265, "y": 187}, {"x": 250, "y": 184}, {"x": 239, "y": 179}, {"x": 238, "y": 179}, {"x": 234, "y": 176}, {"x": 224, "y": 167}, {"x": 220, "y": 162}, {"x": 233, "y": 149}, {"x": 241, "y": 146}, {"x": 250, "y": 142}, {"x": 266, "y": 137}, {"x": 274, "y": 133}, {"x": 281, "y": 130}, {"x": 295, "y": 127}, {"x": 310, "y": 122}, {"x": 316, "y": 120}, {"x": 343, "y": 116}, {"x": 347, "y": 115}, {"x": 348, "y": 115}, {"x": 354, "y": 115}, {"x": 357, "y": 114}, {"x": 361, "y": 115}, {"x": 366, "y": 117}, {"x": 369, "y": 119}, {"x": 371, "y": 125}, {"x": 371, "y": 126}], "annotation": {}, "regionType": "freehand"}]</svg></mark><mark><image>2</image><svg>[{"points": [{"x": 259, "y": 104}, {"x": 252, "y": 109}, {"x": 250, "y": 116}, {"x": 247, "y": 123}, {"x": 245, "y": 132}, {"x": 243, "y": 138}, {"x": 236, "y": 150}, {"x": 235, "y": 158}, {"x": 235, "y": 165}, {"x": 239, "y": 176}, {"x": 239, "y": 184}, {"x": 240, "y": 186}, {"x": 244, "y": 189}, {"x": 260, "y": 195}, {"x": 268, "y": 196}, {"x": 286, "y": 197}, {"x": 297, "y": 197}, {"x": 314, "y": 196}, {"x": 326, "y": 194}, {"x": 330, "y": 192}, {"x": 343, "y": 186}, {"x": 349, "y": 182}, {"x": 360, "y": 176}, {"x": 367, "y": 169}, {"x": 373, "y": 158}, {"x": 379, "y": 145}, {"x": 379, "y": 139}, {"x": 374, "y": 124}, {"x": 372, "y": 120}, {"x": 368, "y": 109}, {"x": 365, "y": 106}, {"x": 361, "y": 103}, {"x": 350, "y": 92}, {"x": 343, "y": 91}, {"x": 330, "y": 89}, {"x": 311, "y": 86}, {"x": 306, "y": 86}, {"x": 298, "y": 91}, {"x": 291, "y": 94}, {"x": 287, "y": 94}, {"x": 281, "y": 97}, {"x": 279, "y": 98}, {"x": 279, "y": 98}, {"x": 272, "y": 101}, {"x": 268, "y": 101}, {"x": 261, "y": 103}, {"x": 260, "y": 104}, {"x": 260, "y": 104}], "annotation": {}, "regionType": "freehand"}]</svg></mark></case>