<case><number>564</number><age>58</age><sex>F</sex><composition>solid</composition><echogenicity>marked hypoechogenecity</echogenicity><margins>ill- defined</margins><calcifications>microcalcification</calcifications><tirads>5</tirads><reportbacaf></reportbacaf><reporteco></reporteco><mark><image>3</image><svg>[{"points": [{"x": 223, "y": 56}, {"x": 217, "y": 65}, {"x": 214, "y": 69}, {"x": 207, "y": 76}, {"x": 199, "y": 78}, {"x": 195, "y": 83}, {"x": 195, "y": 90}, {"x": 201, "y": 93}, {"x": 204, "y": 96}, {"x": 204, "y": 102}, {"x": 204, "y": 105}, {"x": 204, "y": 109}, {"x": 201, "y": 117}, {"x": 199, "y": 121}, {"x": 199, "y": 128}, {"x": 201, "y": 132}, {"x": 203, "y": 136}, {"x": 209, "y": 140}, {"x": 219, "y": 148}, {"x": 226, "y": 153}, {"x": 238, "y": 159}, {"x": 239, "y": 159}, {"x": 248, "y": 160}, {"x": 258, "y": 162}, {"x": 269, "y": 163}, {"x": 281, "y": 154}, {"x": 286, "y": 146}, {"x": 288, "y": 133}, {"x": 287, "y": 127}, {"x": 283, "y": 121}, {"x": 280, "y": 117}, {"x": 280, "y": 115}, {"x": 277, "y": 96}, {"x": 275, "y": 90}, {"x": 277, "y": 87}, {"x": 281, "y": 83}, {"x": 288, "y": 76}, {"x": 291, "y": 75}, {"x": 292, "y": 68}, {"x": 292, "y": 66}, {"x": 282, "y": 53}, {"x": 271, "y": 50}, {"x": 268, "y": 50}, {"x": 255, "y": 45}, {"x": 247, "y": 43}, {"x": 238, "y": 43}, {"x": 232, "y": 47}, {"x": 230, "y": 51}, {"x": 228, "y": 55}, {"x": 224, "y": 57}], "annotation": {}, "regionType": "freehand"}]</svg></mark><mark><image>5</image><svg>[{"points": [{"x": 217, "y": 61}, {"x": 212, "y": 67}, {"x": 207, "y": 72}, {"x": 202, "y": 83}, {"x": 199, "y": 92}, {"x": 208, "y": 112}, {"x": 208, "y": 118}, {"x": 208, "y": 125}, {"x": 208, "y": 129}, {"x": 209, "y": 132}, {"x": 213, "y": 139}, {"x": 221, "y": 145}, {"x": 230, "y": 150}, {"x": 244, "y": 156}, {"x": 244, "y": 156}, {"x": 250, "y": 162}, {"x": 263, "y": 166}, {"x": 272, "y": 166}, {"x": 292, "y": 168}, {"x": 314, "y": 157}, {"x": 320, "y": 155}, {"x": 338, "y": 147}, {"x": 351, "y": 125}, {"x": 355, "y": 122}, {"x": 359, "y": 103}, {"x": 355, "y": 90}, {"x": 354, "y": 88}, {"x": 349, "y": 79}, {"x": 344, "y": 64}, {"x": 337, "y": 62}, {"x": 325, "y": 58}, {"x": 303, "y": 50}, {"x": 294, "y": 49}, {"x": 247, "y": 44}, {"x": 232, "y": 44}, {"x": 224, "y": 51}, {"x": 220, "y": 56}, {"x": 218, "y": 59}, {"x": 216, "y": 60}], "annotation": {}, "regionType": "freehand"}]</svg></mark><mark><image>1</image><svg>[{"points": [{"x": 258, "y": 106}, {"x": 262, "y": 113}, {"x": 269, "y": 118}, {"x": 276, "y": 122}, {"x": 278, "y": 125}, {"x": 283, "y": 132}, {"x": 285, "y": 142}, {"x": 286, "y": 156}, {"x": 281, "y": 170}, {"x": 272, "y": 179}, {"x": 266, "y": 181}, {"x": 258, "y": 183}, {"x": 233, "y": 184}, {"x": 221, "y": 185}, {"x": 213, "y": 188}, {"x": 207, "y": 189}, {"x": 193, "y": 189}, {"x": 187, "y": 182}, {"x": 180, "y": 177}, {"x": 177, "y": 165}, {"x": 174, "y": 150}, {"x": 171, "y": 143}, {"x": 170, "y": 122}, {"x": 170, "y": 115}, {"x": 171, "y": 96}, {"x": 180, "y": 76}, {"x": 189, "y": 71}, {"x": 201, "y": 66}, {"x": 220, "y": 62}, {"x": 233, "y": 68}, {"x": 243, "y": 68}, {"x": 251, "y": 77}, {"x": 252, "y": 91}, {"x": 253, "y": 98}, {"x": 254, "y": 103}], "annotation": {}, "regionType": "freehand"}]</svg></mark><mark><image>2</image><svg>[{"points": [{"x": 254, "y": 132}, {"x": 259, "y": 141}, {"x": 264, "y": 145}, {"x": 267, "y": 153}, {"x": 267, "y": 159}, {"x": 265, "y": 169}, {"x": 272, "y": 181}, {"x": 272, "y": 181}, {"x": 284, "y": 187}, {"x": 286, "y": 187}, {"x": 295, "y": 189}, {"x": 299, "y": 190}, {"x": 307, "y": 191}, {"x": 311, "y": 192}, {"x": 320, "y": 195}, {"x": 327, "y": 190}, {"x": 336, "y": 190}, {"x": 345, "y": 185}, {"x": 348, "y": 185}, {"x": 353, "y": 181}, {"x": 354, "y": 173}, {"x": 356, "y": 162}, {"x": 362, "y": 156}, {"x": 365, "y": 154}, {"x": 367, "y": 153}, {"x": 373, "y": 145}, {"x": 376, "y": 130}, {"x": 375, "y": 120}, {"x": 368, "y": 117}, {"x": 359, "y": 109}, {"x": 357, "y": 104}, {"x": 353, "y": 84}, {"x": 353, "y": 77}, {"x": 350, "y": 70}, {"x": 342, "y": 68}, {"x": 334, "y": 62}, {"x": 324, "y": 56}, {"x": 315, "y": 53}, {"x": 306, "y": 52}, {"x": 300, "y": 52}, {"x": 286, "y": 52}, {"x": 283, "y": 52}, {"x": 277, "y": 52}, {"x": 266, "y": 52}, {"x": 252, "y": 52}, {"x": 252, "y": 55}, {"x": 247, "y": 65}, {"x": 243, "y": 76}, {"x": 244, "y": 114}, {"x": 247, "y": 117}, {"x": 251, "y": 125}, {"x": 252, "y": 129}, {"x": 253, "y": 131}], "annotation": {}, "regionType": "freehand"}]</svg></mark><mark><image>4</image><svg>[{"points": [{"x": 180, "y": 66}, {"x": 171, "y": 75}, {"x": 161, "y": 82}, {"x": 158, "y": 84}, {"x": 146, "y": 94}, {"x": 136, "y": 105}, {"x": 133, "y": 113}, {"x": 131, "y": 124}, {"x": 133, "y": 135}, {"x": 135, "y": 139}, {"x": 141, "y": 159}, {"x": 149, "y": 168}, {"x": 160, "y": 180}, {"x": 164, "y": 181}, {"x": 185, "y": 189}, {"x": 191, "y": 193}, {"x": 204, "y": 201}, {"x": 217, "y": 202}, {"x": 234, "y": 201}, {"x": 248, "y": 197}, {"x": 257, "y": 190}, {"x": 266, "y": 185}, {"x": 279, "y": 167}, {"x": 286, "y": 150}, {"x": 286, "y": 139}, {"x": 285, "y": 130}, {"x": 284, "y": 128}, {"x": 279, "y": 112}, {"x": 274, "y": 106}, {"x": 270, "y": 98}, {"x": 259, "y": 86}, {"x": 253, "y": 78}, {"x": 239, "y": 65}, {"x": 230, "y": 63}, {"x": 218, "y": 63}, {"x": 197, "y": 63}, {"x": 189, "y": 63}, {"x": 184, "y": 64}, {"x": 179, "y": 67}], "annotation": {}, "regionType": "freehand"}]</svg></mark></case>