<case><number>572</number><age>29</age><sex>M</sex><composition>solid</composition><echogenicity>hypoechogenecity</echogenicity><margins>well defined smooth</margins><calcifications>microcalcification</calcifications><tirads>4b</tirads><reportbacaf></reportbacaf><reporteco></reporteco><mark><image>1</image><svg>[{"points": [{"x": 246, "y": 68}, {"x": 239, "y": 71}, {"x": 218, "y": 81}, {"x": 206, "y": 91}, {"x": 199, "y": 98}, {"x": 182, "y": 124}, {"x": 181, "y": 150}, {"x": 181, "y": 156}, {"x": 195, "y": 193}, {"x": 197, "y": 199}, {"x": 198, "y": 207}, {"x": 215, "y": 222}, {"x": 217, "y": 223}, {"x": 235, "y": 232}, {"x": 250, "y": 235}, {"x": 261, "y": 235}, {"x": 273, "y": 230}, {"x": 281, "y": 230}, {"x": 286, "y": 230}, {"x": 306, "y": 227}, {"x": 319, "y": 219}, {"x": 330, "y": 214}, {"x": 338, "y": 210}, {"x": 350, "y": 196}, {"x": 358, "y": 180}, {"x": 358, "y": 170}, {"x": 358, "y": 161}, {"x": 355, "y": 138}, {"x": 350, "y": 121}, {"x": 343, "y": 107}, {"x": 337, "y": 100}, {"x": 328, "y": 88}, {"x": 311, "y": 77}, {"x": 305, "y": 77}, {"x": 291, "y": 72}, {"x": 272, "y": 64}, {"x": 262, "y": 64}, {"x": 254, "y": 65}, {"x": 236, "y": 76}], "annotation": {}, "regionType": "freehand"}]</svg></mark></case>