<case><number>644</number><age>46</age><sex>F</sex><composition>spongiform appareance</composition><echogenicity>hypoechogenecity</echogenicity><margins>well defined smooth</margins><calcifications>microcalcification</calcifications><tirads>4b</tirads><reportbacaf></reportbacaf><reporteco></reporteco><mark><image>1</image><svg>[{"points": [{"x": 287, "y": 97}, {"x": 282, "y": 97}, {"x": 269, "y": 100}, {"x": 263, "y": 102}, {"x": 254, "y": 102}, {"x": 246, "y": 101}, {"x": 238, "y": 100}, {"x": 227, "y": 101}, {"x": 217, "y": 107}, {"x": 209, "y": 115}, {"x": 206, "y": 120}, {"x": 202, "y": 125}, {"x": 197, "y": 133}, {"x": 197, "y": 136}, {"x": 197, "y": 149}, {"x": 199, "y": 157}, {"x": 206, "y": 164}, {"x": 215, "y": 167}, {"x": 227, "y": 171}, {"x": 235, "y": 176}, {"x": 246, "y": 183}, {"x": 252, "y": 186}, {"x": 264, "y": 188}, {"x": 271, "y": 188}, {"x": 278, "y": 189}, {"x": 292, "y": 187}, {"x": 300, "y": 183}, {"x": 305, "y": 181}, {"x": 314, "y": 182}, {"x": 320, "y": 183}, {"x": 328, "y": 184}, {"x": 338, "y": 182}, {"x": 345, "y": 177}, {"x": 355, "y": 174}, {"x": 367, "y": 170}, {"x": 371, "y": 168}, {"x": 374, "y": 166}, {"x": 374, "y": 166}, {"x": 403, "y": 156}, {"x": 406, "y": 151}, {"x": 406, "y": 141}, {"x": 399, "y": 132}, {"x": 397, "y": 130}, {"x": 384, "y": 122}, {"x": 376, "y": 117}, {"x": 366, "y": 114}, {"x": 359, "y": 113}, {"x": 346, "y": 110}, {"x": 322, "y": 106}, {"x": 315, "y": 104}, {"x": 302, "y": 100}, {"x": 299, "y": 100}, {"x": 293, "y": 99}, {"x": 281, "y": 97}, {"x": 280, "y": 96}], "annotation": {}, "regionType": "freehand"}]</svg></mark></case>