<case><number>618</number><age>64</age><sex>F</sex><composition>solid</composition><echogenicity>hypoechogenecity</echogenicity><margins>microlobulated</margins><calcifications>non</calcifications><tirads>4b</tirads><reportbacaf></reportbacaf><reporteco></reporteco><mark><image>1</image><svg>[{"points": [{"x": 289, "y": 60}, {"x": 281, "y": 61}, {"x": 275, "y": 66}, {"x": 268, "y": 69}, {"x": 262, "y": 72}, {"x": 251, "y": 72}, {"x": 241, "y": 72}, {"x": 237, "y": 75}, {"x": 236, "y": 81}, {"x": 238, "y": 88}, {"x": 242, "y": 94}, {"x": 254, "y": 97}, {"x": 260, "y": 98}, {"x": 267, "y": 101}, {"x": 275, "y": 105}, {"x": 278, "y": 107}, {"x": 287, "y": 109}, {"x": 296, "y": 111}, {"x": 304, "y": 111}, {"x": 311, "y": 109}, {"x": 320, "y": 105}, {"x": 323, "y": 103}, {"x": 324, "y": 102}, {"x": 328, "y": 91}, {"x": 335, "y": 87}, {"x": 342, "y": 84}, {"x": 343, "y": 79}, {"x": 343, "y": 77}, {"x": 341, "y": 70}, {"x": 336, "y": 68}, {"x": 325, "y": 64}, {"x": 317, "y": 63}, {"x": 308, "y": 62}, {"x": 300, "y": 60}, {"x": 294, "y": 59}, {"x": 291, "y": 59}], "annotation": {}, "regionType": "freehand"}]</svg></mark></case>