<case><number>641</number><age>54</age><sex>F</sex><composition>solid</composition><echogenicity>hyperechogenecity</echogenicity><margins>well defined smooth</margins><calcifications>non</calcifications><tirads>2</tirads><reportbacaf></reportbacaf><reporteco></reporteco><mark><image>1</image><svg>[{"points": [{"x": 307, "y": 137}, {"x": 298, "y": 138}, {"x": 290, "y": 144}, {"x": 284, "y": 150}, {"x": 281, "y": 165}, {"x": 280, "y": 169}, {"x": 278, "y": 182}, {"x": 278, "y": 186}, {"x": 282, "y": 193}, {"x": 287, "y": 197}, {"x": 289, "y": 199}, {"x": 299, "y": 203}, {"x": 301, "y": 203}, {"x": 304, "y": 203}, {"x": 311, "y": 203}, {"x": 317, "y": 203}, {"x": 320, "y": 202}, {"x": 326, "y": 200}, {"x": 329, "y": 198}, {"x": 335, "y": 192}, {"x": 336, "y": 191}, {"x": 339, "y": 184}, {"x": 342, "y": 180}, {"x": 345, "y": 174}, {"x": 346, "y": 172}, {"x": 346, "y": 167}, {"x": 344, "y": 162}, {"x": 341, "y": 158}, {"x": 341, "y": 152}, {"x": 338, "y": 149}, {"x": 335, "y": 146}, {"x": 328, "y": 143}, {"x": 322, "y": 141}, {"x": 311, "y": 137}, {"x": 307, "y": 136}], "annotation": {}, "regionType": "freehand"}]</svg></mark></case>