<case><number>640</number><age>54</age><sex>F</sex><composition>solid</composition><echogenicity>hypoechogenecity</echogenicity><margins>microlobulated</margins><calcifications>microcalcification</calcifications><tirads>4c</tirads><reportbacaf></reportbacaf><reporteco></reporteco><mark><image>1</image><svg>[{"points": [{"x": 292, "y": 106}, {"x": 284, "y": 108}, {"x": 274, "y": 114}, {"x": 271, "y": 117}, {"x": 267, "y": 124}, {"x": 264, "y": 129}, {"x": 263, "y": 132}, {"x": 262, "y": 137}, {"x": 261, "y": 141}, {"x": 260, "y": 145}, {"x": 260, "y": 148}, {"x": 260, "y": 157}, {"x": 261, "y": 158}, {"x": 263, "y": 162}, {"x": 266, "y": 165}, {"x": 270, "y": 169}, {"x": 273, "y": 173}, {"x": 277, "y": 176}, {"x": 281, "y": 179}, {"x": 285, "y": 182}, {"x": 287, "y": 183}, {"x": 290, "y": 187}, {"x": 293, "y": 189}, {"x": 300, "y": 192}, {"x": 305, "y": 192}, {"x": 311, "y": 193}, {"x": 314, "y": 194}, {"x": 319, "y": 196}, {"x": 320, "y": 196}, {"x": 326, "y": 196}, {"x": 328, "y": 190}, {"x": 333, "y": 185}, {"x": 343, "y": 183}, {"x": 343, "y": 179}, {"x": 341, "y": 177}, {"x": 340, "y": 170}, {"x": 341, "y": 166}, {"x": 343, "y": 161}, {"x": 344, "y": 155}, {"x": 342, "y": 151}, {"x": 340, "y": 146}, {"x": 345, "y": 140}, {"x": 345, "y": 137}, {"x": 345, "y": 133}, {"x": 345, "y": 125}, {"x": 346, "y": 121}, {"x": 337, "y": 115}, {"x": 321, "y": 108}, {"x": 305, "y": 104}, {"x": 300, "y": 103}, {"x": 294, "y": 103}, {"x": 292, "y": 103}], "annotation": {}, "regionType": "freehand"}]</svg></mark></case>