<case><number>605</number><age>49</age><sex>F</sex><composition>solid</composition><echogenicity>isoechogenicity</echogenicity><margins>microlobulated</margins><calcifications>non</calcifications><tirads>2</tirads><reportbacaf></reportbacaf><reporteco></reporteco><mark><image>1</image><svg>[{"points": [{"x": 327, "y": 89}, {"x": 320, "y": 90}, {"x": 315, "y": 96}, {"x": 310, "y": 100}, {"x": 298, "y": 108}, {"x": 297, "y": 108}, {"x": 293, "y": 110}, {"x": 288, "y": 114}, {"x": 284, "y": 118}, {"x": 278, "y": 124}, {"x": 277, "y": 125}, {"x": 271, "y": 128}, {"x": 267, "y": 132}, {"x": 263, "y": 136}, {"x": 263, "y": 136}, {"x": 254, "y": 148}, {"x": 255, "y": 151}, {"x": 253, "y": 158}, {"x": 253, "y": 164}, {"x": 252, "y": 165}, {"x": 250, "y": 172}, {"x": 250, "y": 176}, {"x": 252, "y": 182}, {"x": 256, "y": 189}, {"x": 260, "y": 195}, {"x": 262, "y": 199}, {"x": 265, "y": 206}, {"x": 274, "y": 215}, {"x": 281, "y": 218}, {"x": 293, "y": 219}, {"x": 300, "y": 219}, {"x": 309, "y": 217}, {"x": 322, "y": 210}, {"x": 325, "y": 206}, {"x": 341, "y": 198}, {"x": 342, "y": 198}, {"x": 353, "y": 196}, {"x": 363, "y": 193}, {"x": 373, "y": 193}, {"x": 382, "y": 193}, {"x": 393, "y": 192}, {"x": 402, "y": 189}, {"x": 407, "y": 177}, {"x": 408, "y": 174}, {"x": 409, "y": 165}, {"x": 411, "y": 159}, {"x": 411, "y": 150}, {"x": 411, "y": 145}, {"x": 410, "y": 135}, {"x": 405, "y": 127}, {"x": 402, "y": 121}, {"x": 400, "y": 116}, {"x": 398, "y": 110}, {"x": 397, "y": 105}, {"x": 394, "y": 98}, {"x": 390, "y": 94}, {"x": 379, "y": 91}, {"x": 369, "y": 86}, {"x": 363, "y": 84}, {"x": 354, "y": 80}, {"x": 341, "y": 81}, {"x": 337, "y": 81}, {"x": 332, "y": 82}, {"x": 327, "y": 87}], "annotation": {}, "regionType": "freehand"}]</svg></mark></case>