<case><number>562</number><age>24</age><sex>F</sex><composition>spongiform appareance</composition><echogenicity>isoechogenicity</echogenicity><margins>well defined smooth</margins><calcifications>microcalcification</calcifications><tirads>4a</tirads><reportbacaf></reportbacaf><reporteco></reporteco><mark><image>2</image><svg>[{"points": [{"x": 348, "y": 102}, {"x": 348, "y": 85}, {"x": 346, "y": 82}, {"x": 343, "y": 81}, {"x": 338, "y": 67}, {"x": 328, "y": 62}, {"x": 312, "y": 62}, {"x": 309, "y": 63}, {"x": 286, "y": 63}, {"x": 269, "y": 67}, {"x": 262, "y": 83}, {"x": 262, "y": 92}, {"x": 260, "y": 115}, {"x": 263, "y": 129}, {"x": 262, "y": 144}, {"x": 261, "y": 151}, {"x": 260, "y": 173}, {"x": 274, "y": 190}, {"x": 281, "y": 191}, {"x": 284, "y": 191}, {"x": 300, "y": 191}, {"x": 313, "y": 188}, {"x": 324, "y": 180}, {"x": 329, "y": 160}, {"x": 329, "y": 153}, {"x": 338, "y": 141}, {"x": 338, "y": 134}, {"x": 337, "y": 126}, {"x": 340, "y": 112}, {"x": 344, "y": 108}, {"x": 345, "y": 105}], "annotation": {}, "regionType": "freehand"}]</svg></mark><mark><image>1</image><svg>[{"points": [{"x": 212, "y": 66}, {"x": 208, "y": 71}, {"x": 204, "y": 79}, {"x": 202, "y": 90}, {"x": 204, "y": 104}, {"x": 208, "y": 117}, {"x": 213, "y": 121}, {"x": 220, "y": 128}, {"x": 224, "y": 136}, {"x": 241, "y": 143}, {"x": 266, "y": 143}, {"x": 273, "y": 143}, {"x": 278, "y": 145}, {"x": 295, "y": 153}, {"x": 309, "y": 155}, {"x": 327, "y": 149}, {"x": 337, "y": 137}, {"x": 343, "y": 125}, {"x": 347, "y": 113}, {"x": 348, "y": 111}, {"x": 360, "y": 94}, {"x": 365, "y": 76}, {"x": 361, "y": 63}, {"x": 342, "y": 57}, {"x": 322, "y": 53}, {"x": 304, "y": 52}, {"x": 298, "y": 53}, {"x": 268, "y": 53}, {"x": 243, "y": 54}, {"x": 233, "y": 57}, {"x": 218, "y": 62}, {"x": 208, "y": 71}], "annotation": {}, "regionType": "freehand"}]</svg></mark></case>