<case><number>588</number><age>65</age><sex>M</sex><composition>spongiform appareance</composition><echogenicity>isoechogenicity</echogenicity><margins>well defined smooth</margins><calcifications>non</calcifications><tirads>2</tirads><reportbacaf></reportbacaf><reporteco>ARROW : CYSTIC COMPONENT</reporteco><mark><image>1</image><svg>[{"points": [{"x": 167, "y": 100}, {"x": 171, "y": 97}, {"x": 175, "y": 94}, {"x": 184, "y": 87}, {"x": 192, "y": 85}, {"x": 200, "y": 85}, {"x": 210, "y": 84}, {"x": 216, "y": 83}, {"x": 223, "y": 82}, {"x": 239, "y": 81}, {"x": 243, "y": 80}, {"x": 245, "y": 80}, {"x": 249, "y": 81}, {"x": 253, "y": 82}, {"x": 268, "y": 80}, {"x": 276, "y": 80}, {"x": 280, "y": 80}, {"x": 290, "y": 81}, {"x": 298, "y": 85}, {"x": 299, "y": 87}, {"x": 303, "y": 94}, {"x": 303, "y": 102}, {"x": 298, "y": 115}, {"x": 293, "y": 129}, {"x": 289, "y": 137}, {"x": 284, "y": 149}, {"x": 281, "y": 158}, {"x": 276, "y": 163}, {"x": 274, "y": 166}, {"x": 255, "y": 173}, {"x": 253, "y": 173}, {"x": 242, "y": 173}, {"x": 239, "y": 170}, {"x": 238, "y": 162}, {"x": 233, "y": 156}, {"x": 231, "y": 154}, {"x": 229, "y": 152}, {"x": 227, "y": 150}, {"x": 224, "y": 148}, {"x": 221, "y": 145}, {"x": 216, "y": 139}, {"x": 212, "y": 139}, {"x": 208, "y": 139}, {"x": 203, "y": 139}, {"x": 200, "y": 139}, {"x": 194, "y": 136}, {"x": 189, "y": 132}, {"x": 186, "y": 131}, {"x": 181, "y": 127}, {"x": 180, "y": 124}, {"x": 178, "y": 121}, {"x": 176, "y": 120}, {"x": 174, "y": 116}, {"x": 173, "y": 115}, {"x": 169, "y": 107}, {"x": 166, "y": 106}, {"x": 165, "y": 102}, {"x": 165, "y": 99}, {"x": 165, "y": 97}], "annotation": {}, "regionType": "freehand"}, {"points": [{"x": 279, "y": 246}, {"x": 245, "y": 141}], "annotation": {}, "regionType": "arrow"}]</svg></mark></case>