<case><number>548</number><age>40</age><sex>F</sex><composition>solid</composition><echogenicity>marked hypoechogenecity</echogenicity><margins>well defined smooth</margins><calcifications>non</calcifications><tirads>4c</tirads><reportbacaf></reportbacaf><reporteco></reporteco><mark><image>2</image><svg>[{"points": [{"x": 210, "y": 53}, {"x": 210, "y": 61}, {"x": 210, "y": 66}, {"x": 207, "y": 74}, {"x": 204, "y": 79}, {"x": 198, "y": 83}, {"x": 197, "y": 87}, {"x": 190, "y": 100}, {"x": 191, "y": 105}, {"x": 202, "y": 106}, {"x": 208, "y": 106}, {"x": 213, "y": 106}, {"x": 216, "y": 110}, {"x": 217, "y": 118}, {"x": 219, "y": 123}, {"x": 222, "y": 131}, {"x": 223, "y": 136}, {"x": 223, "y": 140}, {"x": 225, "y": 149}, {"x": 230, "y": 151}, {"x": 236, "y": 151}, {"x": 240, "y": 153}, {"x": 243, "y": 154}, {"x": 255, "y": 156}, {"x": 263, "y": 156}, {"x": 273, "y": 152}, {"x": 284, "y": 151}, {"x": 294, "y": 148}, {"x": 296, "y": 143}, {"x": 298, "y": 135}, {"x": 307, "y": 130}, {"x": 311, "y": 130}, {"x": 314, "y": 130}, {"x": 317, "y": 130}, {"x": 318, "y": 127}, {"x": 319, "y": 118}, {"x": 319, "y": 111}, {"x": 317, "y": 109}, {"x": 319, "y": 103}, {"x": 324, "y": 95}, {"x": 336, "y": 88}, {"x": 344, "y": 84}, {"x": 346, "y": 78}, {"x": 342, "y": 74}, {"x": 335, "y": 69}, {"x": 332, "y": 67}, {"x": 326, "y": 63}, {"x": 316, "y": 56}, {"x": 314, "y": 53}, {"x": 301, "y": 47}, {"x": 291, "y": 45}, {"x": 283, "y": 44}, {"x": 265, "y": 45}, {"x": 252, "y": 47}, {"x": 234, "y": 47}, {"x": 223, "y": 53}, {"x": 213, "y": 54}], "annotation": {}, "regionType": "freehand"}]</svg></mark><mark><image>1</image><svg>[{"points": [{"x": 223, "y": 59}, {"x": 222, "y": 66}, {"x": 222, "y": 72}, {"x": 224, "y": 74}, {"x": 229, "y": 79}, {"x": 235, "y": 81}, {"x": 241, "y": 83}, {"x": 240, "y": 84}, {"x": 239, "y": 84}, {"x": 236, "y": 85}, {"x": 233, "y": 87}, {"x": 232, "y": 88}, {"x": 229, "y": 94}, {"x": 229, "y": 96}, {"x": 229, "y": 100}, {"x": 229, "y": 103}, {"x": 229, "y": 109}, {"x": 229, "y": 111}, {"x": 229, "y": 117}, {"x": 231, "y": 128}, {"x": 240, "y": 135}, {"x": 249, "y": 145}, {"x": 258, "y": 153}, {"x": 269, "y": 157}, {"x": 282, "y": 157}, {"x": 298, "y": 154}, {"x": 315, "y": 151}, {"x": 331, "y": 147}, {"x": 337, "y": 142}, {"x": 340, "y": 138}, {"x": 343, "y": 130}, {"x": 347, "y": 124}, {"x": 348, "y": 113}, {"x": 351, "y": 106}, {"x": 356, "y": 96}, {"x": 358, "y": 86}, {"x": 358, "y": 80}, {"x": 356, "y": 71}, {"x": 352, "y": 65}, {"x": 348, "y": 68}, {"x": 343, "y": 71}, {"x": 339, "y": 69}, {"x": 338, "y": 59}, {"x": 338, "y": 52}, {"x": 336, "y": 49}, {"x": 331, "y": 46}, {"x": 324, "y": 44}, {"x": 319, "y": 44}, {"x": 308, "y": 44}, {"x": 290, "y": 45}, {"x": 280, "y": 45}, {"x": 273, "y": 46}, {"x": 265, "y": 49}, {"x": 256, "y": 49}, {"x": 246, "y": 49}, {"x": 236, "y": 54}, {"x": 231, "y": 57}, {"x": 222, "y": 61}], "annotation": {}, "regionType": "freehand"}]</svg></mark></case>