<case><number>578</number><age>69</age><sex>F</sex><composition>spongiform appareance</composition><echogenicity>isoechogenicity</echogenicity><margins>well defined smooth</margins><calcifications>non</calcifications><tirads>2</tirads><reportbacaf></reportbacaf><reporteco></reporteco><mark><image>1</image><svg>[{"points": [{"x": 242, "y": 82}, {"x": 249, "y": 82}, {"x": 253, "y": 82}, {"x": 265, "y": 82}, {"x": 273, "y": 83}, {"x": 286, "y": 86}, {"x": 298, "y": 90}, {"x": 310, "y": 98}, {"x": 318, "y": 106}, {"x": 327, "y": 121}, {"x": 335, "y": 136}, {"x": 337, "y": 141}, {"x": 341, "y": 154}, {"x": 345, "y": 167}, {"x": 348, "y": 182}, {"x": 341, "y": 199}, {"x": 340, "y": 206}, {"x": 336, "y": 213}, {"x": 333, "y": 216}, {"x": 321, "y": 225}, {"x": 317, "y": 227}, {"x": 306, "y": 232}, {"x": 288, "y": 230}, {"x": 268, "y": 224}, {"x": 266, "y": 223}, {"x": 253, "y": 214}, {"x": 238, "y": 204}, {"x": 234, "y": 198}, {"x": 227, "y": 187}, {"x": 225, "y": 185}, {"x": 216, "y": 175}, {"x": 212, "y": 169}, {"x": 206, "y": 158}, {"x": 205, "y": 152}, {"x": 205, "y": 148}, {"x": 205, "y": 139}, {"x": 205, "y": 133}, {"x": 207, "y": 126}, {"x": 208, "y": 125}, {"x": 209, "y": 125}, {"x": 211, "y": 121}, {"x": 218, "y": 112}, {"x": 221, "y": 107}, {"x": 225, "y": 98}, {"x": 227, "y": 97}, {"x": 230, "y": 95}, {"x": 231, "y": 94}, {"x": 236, "y": 91}, {"x": 237, "y": 89}, {"x": 239, "y": 86}, {"x": 241, "y": 84}], "annotation": {}, "regionType": "freehand"}]</svg></mark></case>