<case><number>604</number><age>46</age><sex>M</sex><composition>solid</composition><echogenicity>isoechogenicity</echogenicity><margins>well defined smooth</margins><calcifications>non</calcifications><tirads>3</tirads><reportbacaf></reportbacaf><reporteco></reporteco><mark><image>1</image><svg>[{"points": [{"x": 301, "y": 122}, {"x": 288, "y": 121}, {"x": 284, "y": 120}, {"x": 277, "y": 118}, {"x": 269, "y": 116}, {"x": 259, "y": 115}, {"x": 245, "y": 116}, {"x": 238, "y": 118}, {"x": 230, "y": 122}, {"x": 226, "y": 129}, {"x": 221, "y": 139}, {"x": 221, "y": 139}, {"x": 218, "y": 147}, {"x": 215, "y": 154}, {"x": 214, "y": 156}, {"x": 210, "y": 163}, {"x": 209, "y": 172}, {"x": 206, "y": 179}, {"x": 206, "y": 180}, {"x": 205, "y": 186}, {"x": 205, "y": 195}, {"x": 209, "y": 205}, {"x": 219, "y": 217}, {"x": 225, "y": 221}, {"x": 237, "y": 223}, {"x": 245, "y": 224}, {"x": 255, "y": 228}, {"x": 262, "y": 229}, {"x": 282, "y": 229}, {"x": 290, "y": 226}, {"x": 298, "y": 225}, {"x": 308, "y": 225}, {"x": 316, "y": 225}, {"x": 320, "y": 224}, {"x": 320, "y": 224}, {"x": 323, "y": 212}, {"x": 334, "y": 181}, {"x": 335, "y": 173}, {"x": 335, "y": 164}, {"x": 335, "y": 157}, {"x": 333, "y": 151}, {"x": 328, "y": 147}, {"x": 320, "y": 139}, {"x": 315, "y": 131}, {"x": 306, "y": 123}, {"x": 303, "y": 122}], "annotation": {}, "regionType": "freehand"}]</svg></mark></case>