<case><number>561</number><age>56</age><sex>F</sex><composition>spongiform appareance</composition><echogenicity>hyperechogenecity</echogenicity><margins>well defined smooth</margins><calcifications>microcalcification</calcifications><tirads>4a</tirads><reportbacaf></reportbacaf><reporteco></reporteco><mark><image>1</image><svg>[{"points": [{"x": 192, "y": 49}, {"x": 183, "y": 59}, {"x": 179, "y": 67}, {"x": 174, "y": 75}, {"x": 172, "y": 83}, {"x": 172, "y": 83}, {"x": 169, "y": 110}, {"x": 170, "y": 114}, {"x": 170, "y": 131}, {"x": 175, "y": 143}, {"x": 188, "y": 150}, {"x": 193, "y": 158}, {"x": 202, "y": 167}, {"x": 203, "y": 172}, {"x": 219, "y": 176}, {"x": 228, "y": 179}, {"x": 255, "y": 182}, {"x": 270, "y": 187}, {"x": 283, "y": 187}, {"x": 302, "y": 187}, {"x": 320, "y": 191}, {"x": 336, "y": 191}, {"x": 358, "y": 191}, {"x": 371, "y": 188}, {"x": 374, "y": 183}, {"x": 382, "y": 182}, {"x": 385, "y": 177}, {"x": 402, "y": 166}, {"x": 418, "y": 162}, {"x": 423, "y": 161}, {"x": 431, "y": 150}, {"x": 431, "y": 139}, {"x": 433, "y": 135}, {"x": 444, "y": 110}, {"x": 444, "y": 95}, {"x": 440, "y": 74}, {"x": 432, "y": 65}, {"x": 423, "y": 54}, {"x": 404, "y": 38}, {"x": 385, "y": 35}, {"x": 368, "y": 33}, {"x": 353, "y": 29}, {"x": 329, "y": 33}, {"x": 223, "y": 38}, {"x": 218, "y": 40}, {"x": 211, "y": 42}, {"x": 208, "y": 43}, {"x": 191, "y": 46}, {"x": 190, "y": 47}], "annotation": {}, "regionType": "freehand"}]</svg></mark><mark><image>2</image><svg>[{"points": [{"x": 207, "y": 60}, {"x": 202, "y": 67}, {"x": 197, "y": 74}, {"x": 193, "y": 83}, {"x": 190, "y": 90}, {"x": 189, "y": 98}, {"x": 189, "y": 99}, {"x": 192, "y": 113}, {"x": 195, "y": 125}, {"x": 197, "y": 129}, {"x": 201, "y": 142}, {"x": 202, "y": 145}, {"x": 208, "y": 160}, {"x": 215, "y": 167}, {"x": 228, "y": 170}, {"x": 239, "y": 171}, {"x": 261, "y": 177}, {"x": 274, "y": 179}, {"x": 299, "y": 182}, {"x": 309, "y": 183}, {"x": 315, "y": 183}, {"x": 346, "y": 183}, {"x": 351, "y": 181}, {"x": 355, "y": 173}, {"x": 359, "y": 162}, {"x": 362, "y": 156}, {"x": 363, "y": 154}, {"x": 364, "y": 151}, {"x": 367, "y": 142}, {"x": 373, "y": 122}, {"x": 373, "y": 117}, {"x": 373, "y": 105}, {"x": 370, "y": 89}, {"x": 370, "y": 81}, {"x": 360, "y": 65}, {"x": 353, "y": 57}, {"x": 341, "y": 51}, {"x": 321, "y": 48}, {"x": 308, "y": 45}, {"x": 296, "y": 38}, {"x": 292, "y": 37}, {"x": 267, "y": 37}, {"x": 253, "y": 40}, {"x": 242, "y": 44}, {"x": 233, "y": 49}, {"x": 231, "y": 49}, {"x": 216, "y": 53}, {"x": 212, "y": 57}, {"x": 209, "y": 58}, {"x": 209, "y": 59}], "annotation": {}, "regionType": "freehand"}, {"points": [{"x": 207, "y": 60}, {"x": 202, "y": 67}, {"x": 197, "y": 74}, {"x": 193, "y": 83}, {"x": 190, "y": 90}, {"x": 189, "y": 98}, {"x": 189, "y": 99}, {"x": 192, "y": 113}, {"x": 195, "y": 125}, {"x": 197, "y": 129}, {"x": 201, "y": 142}, {"x": 202, "y": 145}, {"x": 208, "y": 160}, {"x": 215, "y": 167}, {"x": 228, "y": 170}, {"x": 239, "y": 171}, {"x": 261, "y": 177}, {"x": 274, "y": 179}, {"x": 299, "y": 182}, {"x": 309, "y": 183}, {"x": 315, "y": 183}, {"x": 346, "y": 183}, {"x": 351, "y": 181}, {"x": 355, "y": 173}, {"x": 359, "y": 162}, {"x": 362, "y": 156}, {"x": 363, "y": 154}, {"x": 364, "y": 151}, {"x": 367, "y": 142}, {"x": 373, "y": 122}, {"x": 373, "y": 117}, {"x": 373, "y": 105}, {"x": 370, "y": 89}, {"x": 370, "y": 81}, {"x": 360, "y": 65}, {"x": 353, "y": 57}, {"x": 341, "y": 51}, {"x": 321, "y": 48}, {"x": 308, "y": 45}, {"x": 296, "y": 38}, {"x": 292, "y": 37}, {"x": 267, "y": 37}, {"x": 253, "y": 40}, {"x": 242, "y": 44}, {"x": 233, "y": 49}, {"x": 231, "y": 49}, {"x": 216, "y": 53}, {"x": 212, "y": 57}, {"x": 209, "y": 58}, {"x": 209, "y": 59}], "annotation": {}, "regionType": "freehand"}]</svg></mark></case>