<case><number>629</number><age>70</age><sex>F</sex><composition>solid</composition><echogenicity>hypoechogenecity</echogenicity><margins>spiculated</margins><calcifications>non</calcifications><tirads>4b</tirads><reportbacaf></reportbacaf><reporteco></reporteco><mark><image>1</image><svg>[{"points": [{"x": 289, "y": 89}, {"x": 278, "y": 90}, {"x": 273, "y": 90}, {"x": 269, "y": 90}, {"x": 264, "y": 94}, {"x": 261, "y": 100}, {"x": 260, "y": 108}, {"x": 260, "y": 117}, {"x": 261, "y": 121}, {"x": 263, "y": 127}, {"x": 263, "y": 132}, {"x": 263, "y": 137}, {"x": 262, "y": 140}, {"x": 263, "y": 149}, {"x": 265, "y": 152}, {"x": 268, "y": 156}, {"x": 271, "y": 160}, {"x": 273, "y": 162}, {"x": 286, "y": 167}, {"x": 288, "y": 168}, {"x": 293, "y": 170}, {"x": 298, "y": 171}, {"x": 305, "y": 171}, {"x": 311, "y": 170}, {"x": 321, "y": 168}, {"x": 325, "y": 164}, {"x": 326, "y": 160}, {"x": 329, "y": 154}, {"x": 331, "y": 148}, {"x": 333, "y": 142}, {"x": 335, "y": 138}, {"x": 336, "y": 135}, {"x": 337, "y": 128}, {"x": 337, "y": 115}, {"x": 336, "y": 110}, {"x": 334, "y": 105}, {"x": 329, "y": 101}, {"x": 322, "y": 99}, {"x": 311, "y": 98}, {"x": 300, "y": 96}, {"x": 298, "y": 96}, {"x": 291, "y": 92}, {"x": 289, "y": 91}], "annotation": {}, "regionType": "freehand"}]</svg></mark></case>