<case><number>631</number><age>60</age><sex>F</sex><composition>solid</composition><echogenicity>marked hypoechogenecity</echogenicity><margins>ill- defined</margins><calcifications>microcalcification</calcifications><tirads>5</tirads><reportbacaf></reportbacaf><reporteco></reporteco><mark><image>1</image><svg>[{"points": [{"x": 254, "y": 38}, {"x": 241, "y": 38}, {"x": 232, "y": 38}, {"x": 220, "y": 38}, {"x": 211, "y": 38}, {"x": 204, "y": 41}, {"x": 202, "y": 45}, {"x": 200, "y": 50}, {"x": 200, "y": 51}, {"x": 201, "y": 63}, {"x": 202, "y": 70}, {"x": 202, "y": 76}, {"x": 202, "y": 84}, {"x": 200, "y": 91}, {"x": 198, "y": 96}, {"x": 207, "y": 110}, {"x": 209, "y": 112}, {"x": 212, "y": 115}, {"x": 228, "y": 117}, {"x": 231, "y": 126}, {"x": 232, "y": 130}, {"x": 233, "y": 144}, {"x": 233, "y": 148}, {"x": 232, "y": 156}, {"x": 234, "y": 161}, {"x": 244, "y": 164}, {"x": 249, "y": 166}, {"x": 256, "y": 167}, {"x": 269, "y": 168}, {"x": 292, "y": 165}, {"x": 303, "y": 162}, {"x": 310, "y": 150}, {"x": 311, "y": 143}, {"x": 312, "y": 126}, {"x": 312, "y": 119}, {"x": 312, "y": 114}, {"x": 312, "y": 103}, {"x": 311, "y": 94}, {"x": 309, "y": 89}, {"x": 314, "y": 71}, {"x": 316, "y": 65}, {"x": 316, "y": 59}, {"x": 310, "y": 52}, {"x": 306, "y": 49}, {"x": 288, "y": 44}, {"x": 275, "y": 43}, {"x": 271, "y": 42}, {"x": 255, "y": 37}, {"x": 255, "y": 37}], "annotation": {}, "regionType": "freehand"}, {"points": [{"x": 254, "y": 38}, {"x": 241, "y": 38}, {"x": 232, "y": 38}, {"x": 220, "y": 38}, {"x": 211, "y": 38}, {"x": 204, "y": 41}, {"x": 202, "y": 45}, {"x": 200, "y": 50}, {"x": 200, "y": 51}, {"x": 201, "y": 63}, {"x": 202, "y": 70}, {"x": 202, "y": 76}, {"x": 202, "y": 84}, {"x": 200, "y": 91}, {"x": 198, "y": 96}, {"x": 207, "y": 110}, {"x": 209, "y": 112}, {"x": 212, "y": 115}, {"x": 228, "y": 117}, {"x": 231, "y": 126}, {"x": 232, "y": 130}, {"x": 233, "y": 144}, {"x": 233, "y": 148}, {"x": 232, "y": 156}, {"x": 234, "y": 161}, {"x": 244, "y": 164}, {"x": 249, "y": 166}, {"x": 256, "y": 167}, {"x": 269, "y": 168}, {"x": 292, "y": 165}, {"x": 303, "y": 162}, {"x": 310, "y": 150}, {"x": 311, "y": 143}, {"x": 312, "y": 126}, {"x": 312, "y": 119}, {"x": 312, "y": 114}, {"x": 312, "y": 103}, {"x": 311, "y": 94}, {"x": 309, "y": 89}, {"x": 314, "y": 71}, {"x": 316, "y": 65}, {"x": 316, "y": 59}, {"x": 310, "y": 52}, {"x": 306, "y": 49}, {"x": 288, "y": 44}, {"x": 275, "y": 43}, {"x": 271, "y": 42}, {"x": 255, "y": 37}, {"x": 255, "y": 37}], "annotation": {}, "regionType": "freehand"}]</svg></mark></case>