<case><number>557</number><age>23</age><sex>M</sex><composition>solid</composition><echogenicity>marked hypoechogenecity</echogenicity><margins>ill- defined</margins><calcifications>non</calcifications><tirads>4c</tirads><reportbacaf></reportbacaf><reporteco>The patient had a previous thyroid nodule  BACAF  with BETHESDA V. The photo corresponds to the nodule. In this ocasion the BACAF was made in a right cervical lymph nodule located in level III.</reporteco><mark><image>1</image><svg>[{"points": [{"x": 140, "y": 128}, {"x": 153, "y": 145}, {"x": 162, "y": 164}, {"x": 186, "y": 191}, {"x": 221, "y": 203}, {"x": 263, "y": 207}, {"x": 270, "y": 207}, {"x": 277, "y": 207}, {"x": 292, "y": 201}, {"x": 296, "y": 201}, {"x": 307, "y": 205}, {"x": 310, "y": 205}, {"x": 312, "y": 216}, {"x": 313, "y": 224}, {"x": 322, "y": 234}, {"x": 323, "y": 234}, {"x": 333, "y": 234}, {"x": 345, "y": 231}, {"x": 352, "y": 230}, {"x": 360, "y": 229}, {"x": 370, "y": 197}, {"x": 372, "y": 195}, {"x": 386, "y": 187}, {"x": 409, "y": 186}, {"x": 415, "y": 185}, {"x": 436, "y": 175}, {"x": 449, "y": 163}, {"x": 456, "y": 146}, {"x": 458, "y": 142}, {"x": 463, "y": 134}, {"x": 465, "y": 131}, {"x": 469, "y": 118}, {"x": 458, "y": 104}, {"x": 440, "y": 90}, {"x": 414, "y": 88}, {"x": 374, "y": 91}, {"x": 358, "y": 83}, {"x": 342, "y": 84}, {"x": 326, "y": 82}, {"x": 322, "y": 81}, {"x": 296, "y": 80}, {"x": 285, "y": 78}, {"x": 270, "y": 81}, {"x": 248, "y": 84}, {"x": 245, "y": 84}, {"x": 205, "y": 93}, {"x": 201, "y": 95}, {"x": 156, "y": 101}, {"x": 145, "y": 103}, {"x": 142, "y": 109}, {"x": 142, "y": 111}, {"x": 139, "y": 130}], "annotation": {}, "regionType": "freehand"}]</svg></mark></case>