<case><number>615</number><age>55</age><sex>F</sex><composition>solid</composition><echogenicity>marked hypoechogenecity</echogenicity><margins>well defined smooth</margins><calcifications>non</calcifications><tirads>4b</tirads><reportbacaf></reportbacaf><reporteco></reporteco><mark><image>1</image><svg>[{"points": [{"x": 298, "y": 115}, {"x": 283, "y": 116}, {"x": 272, "y": 117}, {"x": 265, "y": 123}, {"x": 259, "y": 129}, {"x": 253, "y": 135}, {"x": 246, "y": 140}, {"x": 237, "y": 146}, {"x": 230, "y": 152}, {"x": 228, "y": 156}, {"x": 228, "y": 161}, {"x": 235, "y": 171}, {"x": 244, "y": 173}, {"x": 251, "y": 175}, {"x": 257, "y": 177}, {"x": 270, "y": 180}, {"x": 275, "y": 182}, {"x": 282, "y": 184}, {"x": 287, "y": 185}, {"x": 295, "y": 188}, {"x": 301, "y": 190}, {"x": 311, "y": 190}, {"x": 322, "y": 193}, {"x": 331, "y": 195}, {"x": 334, "y": 196}, {"x": 348, "y": 197}, {"x": 351, "y": 196}, {"x": 353, "y": 192}, {"x": 353, "y": 188}, {"x": 352, "y": 183}, {"x": 349, "y": 174}, {"x": 346, "y": 165}, {"x": 343, "y": 160}, {"x": 341, "y": 153}, {"x": 338, "y": 144}, {"x": 334, "y": 137}, {"x": 324, "y": 131}, {"x": 317, "y": 122}, {"x": 311, "y": 118}, {"x": 306, "y": 117}, {"x": 299, "y": 115}], "annotation": {}, "regionType": "freehand"}]</svg></mark></case>