<case><number>612</number><age>57</age><sex>F</sex><composition>solid</composition><echogenicity>hypoechogenecity</echogenicity><margins>well defined smooth</margins><calcifications>microcalcification</calcifications><tirads>4c</tirads><reportbacaf></reportbacaf><reporteco></reporteco><mark><image>1</image><svg>[{"points": [{"x": 264, "y": 134}, {"x": 258, "y": 132}, {"x": 250, "y": 133}, {"x": 246, "y": 136}, {"x": 244, "y": 138}, {"x": 239, "y": 145}, {"x": 238, "y": 151}, {"x": 237, "y": 155}, {"x": 238, "y": 159}, {"x": 240, "y": 161}, {"x": 243, "y": 164}, {"x": 248, "y": 167}, {"x": 250, "y": 169}, {"x": 258, "y": 169}, {"x": 266, "y": 169}, {"x": 270, "y": 169}, {"x": 276, "y": 168}, {"x": 279, "y": 167}, {"x": 285, "y": 166}, {"x": 289, "y": 166}, {"x": 291, "y": 166}, {"x": 296, "y": 159}, {"x": 296, "y": 155}, {"x": 296, "y": 153}, {"x": 296, "y": 151}, {"x": 294, "y": 148}, {"x": 288, "y": 144}, {"x": 280, "y": 141}, {"x": 278, "y": 139}, {"x": 273, "y": 138}, {"x": 266, "y": 137}, {"x": 265, "y": 136}], "annotation": {}, "regionType": "freehand"}]</svg></mark></case>