<case><number>550</number><age>64</age><sex>F</sex><composition>solid</composition><echogenicity>hypoechogenecity</echogenicity><margins>well defined smooth</margins><calcifications>microcalcification</calcifications><tirads>5</tirads><reportbacaf></reportbacaf><reporteco>ARROWS : VESSELS </reporteco><mark><image>2</image><svg>[{"points": [{"x": 229, "y": 92}, {"x": 226, "y": 95}, {"x": 223, "y": 102}, {"x": 221, "y": 108}, {"x": 220, "y": 115}, {"x": 218, "y": 120}, {"x": 217, "y": 124}, {"x": 213, "y": 132}, {"x": 211, "y": 135}, {"x": 208, "y": 144}, {"x": 205, "y": 155}, {"x": 204, "y": 160}, {"x": 204, "y": 164}, {"x": 204, "y": 169}, {"x": 208, "y": 171}, {"x": 209, "y": 172}, {"x": 214, "y": 172}, {"x": 215, "y": 175}, {"x": 216, "y": 179}, {"x": 217, "y": 182}, {"x": 217, "y": 186}, {"x": 217, "y": 190}, {"x": 219, "y": 192}, {"x": 223, "y": 196}, {"x": 225, "y": 198}, {"x": 231, "y": 200}, {"x": 236, "y": 201}, {"x": 240, "y": 201}, {"x": 243, "y": 199}, {"x": 246, "y": 198}, {"x": 251, "y": 199}, {"x": 254, "y": 203}, {"x": 254, "y": 204}, {"x": 254, "y": 207}, {"x": 254, "y": 208}, {"x": 255, "y": 211}, {"x": 255, "y": 211}, {"x": 261, "y": 225}, {"x": 261, "y": 225}, {"x": 266, "y": 228}, {"x": 269, "y": 229}, {"x": 276, "y": 229}, {"x": 287, "y": 232}, {"x": 293, "y": 232}, {"x": 300, "y": 232}, {"x": 300, "y": 231}, {"x": 306, "y": 226}, {"x": 309, "y": 225}, {"x": 315, "y": 223}, {"x": 318, "y": 222}, {"x": 324, "y": 219}, {"x": 328, "y": 215}, {"x": 331, "y": 210}, {"x": 335, "y": 203}, {"x": 336, "y": 203}, {"x": 343, "y": 194}, {"x": 344, "y": 194}, {"x": 348, "y": 190}, {"x": 351, "y": 186}, {"x": 354, "y": 180}, {"x": 355, "y": 177}, {"x": 362, "y": 153}, {"x": 363, "y": 152}, {"x": 364, "y": 147}, {"x": 364, "y": 139}, {"x": 363, "y": 138}, {"x": 362, "y": 134}, {"x": 359, "y": 132}, {"x": 356, "y": 129}, {"x": 355, "y": 125}, {"x": 351, "y": 118}, {"x": 348, "y": 116}, {"x": 347, "y": 115}, {"x": 344, "y": 115}, {"x": 337, "y": 112}, {"x": 337, "y": 109}, {"x": 337, "y": 106}, {"x": 337, "y": 97}, {"x": 335, "y": 92}, {"x": 332, "y": 88}, {"x": 325, "y": 84}, {"x": 316, "y": 84}, {"x": 313, "y": 85}, {"x": 310, "y": 83}, {"x": 304, "y": 78}, {"x": 301, "y": 74}, {"x": 294, "y": 71}, {"x": 291, "y": 71}, {"x": 287, "y": 71}, {"x": 282, "y": 71}, {"x": 280, "y": 69}, {"x": 277, "y": 68}, {"x": 274, "y": 67}, {"x": 266, "y": 66}, {"x": 263, "y": 66}, {"x": 257, "y": 69}, {"x": 253, "y": 72}, {"x": 249, "y": 75}, {"x": 242, "y": 81}, {"x": 235, "y": 90}, {"x": 230, "y": 96}, {"x": 228, "y": 99}, {"x": 228, "y": 99}], "annotation": {}, "regionType": "freehand"}]</svg></mark><mark><image>1</image><svg>[{"points": [{"x": 236, "y": 110}, {"x": 236, "y": 114}, {"x": 236, "y": 120}, {"x": 236, "y": 125}, {"x": 239, "y": 129}, {"x": 239, "y": 133}, {"x": 239, "y": 139}, {"x": 239, "y": 144}, {"x": 239, "y": 151}, {"x": 239, "y": 156}, {"x": 239, "y": 160}, {"x": 242, "y": 166}, {"x": 243, "y": 168}, {"x": 243, "y": 170}, {"x": 244, "y": 176}, {"x": 244, "y": 179}, {"x": 243, "y": 180}, {"x": 243, "y": 184}, {"x": 245, "y": 188}, {"x": 247, "y": 191}, {"x": 249, "y": 195}, {"x": 253, "y": 199}, {"x": 255, "y": 203}, {"x": 256, "y": 205}, {"x": 260, "y": 208}, {"x": 263, "y": 209}, {"x": 267, "y": 209}, {"x": 269, "y": 209}, {"x": 272, "y": 209}, {"x": 278, "y": 209}, {"x": 283, "y": 208}, {"x": 284, "y": 208}, {"x": 288, "y": 206}, {"x": 292, "y": 205}, {"x": 293, "y": 204}, {"x": 300, "y": 204}, {"x": 306, "y": 204}, {"x": 312, "y": 203}, {"x": 321, "y": 201}, {"x": 325, "y": 200}, {"x": 330, "y": 199}, {"x": 335, "y": 198}, {"x": 336, "y": 191}, {"x": 338, "y": 183}, {"x": 338, "y": 178}, {"x": 338, "y": 171}, {"x": 338, "y": 168}, {"x": 337, "y": 163}, {"x": 337, "y": 159}, {"x": 336, "y": 156}, {"x": 336, "y": 147}, {"x": 334, "y": 145}, {"x": 334, "y": 141}, {"x": 332, "y": 138}, {"x": 331, "y": 137}, {"x": 330, "y": 133}, {"x": 327, "y": 124}, {"x": 327, "y": 122}, {"x": 327, "y": 116}, {"x": 328, "y": 114}, {"x": 330, "y": 111}, {"x": 332, "y": 109}, {"x": 333, "y": 107}, {"x": 334, "y": 105}, {"x": 336, "y": 100}, {"x": 338, "y": 95}, {"x": 339, "y": 93}, {"x": 339, "y": 88}, {"x": 339, "y": 86}, {"x": 339, "y": 84}, {"x": 337, "y": 82}, {"x": 330, "y": 77}, {"x": 325, "y": 75}, {"x": 319, "y": 75}, {"x": 317, "y": 77}, {"x": 315, "y": 78}, {"x": 315, "y": 78}, {"x": 312, "y": 77}, {"x": 308, "y": 72}, {"x": 307, "y": 72}, {"x": 304, "y": 72}, {"x": 302, "y": 72}, {"x": 294, "y": 71}, {"x": 293, "y": 71}, {"x": 293, "y": 71}, {"x": 289, "y": 71}, {"x": 286, "y": 74}, {"x": 283, "y": 77}, {"x": 275, "y": 83}, {"x": 271, "y": 86}, {"x": 265, "y": 88}, {"x": 265, "y": 90}, {"x": 262, "y": 95}, {"x": 260, "y": 97}, {"x": 257, "y": 100}, {"x": 256, "y": 101}, {"x": 251, "y": 104}, {"x": 246, "y": 108}, {"x": 243, "y": 111}, {"x": 235, "y": 112}], "annotation": {}, "regionType": "freehand"}]</svg></mark><mark><image>3</image><svg>[{"points": [{"x": 146, "y": 159}, {"x": 173, "y": 137}], "annotation": {}, "regionType": "arrow"}, {"points": [{"x": 209, "y": 105}, {"x": 185, "y": 96}], "annotation": {}, "regionType": "arrow"}, {"points": [{"x": 94, "y": 143}, {"x": 135, "y": 110}], "annotation": {}, "regionType": "arrow"}, {"points": [{"x": 394, "y": 72}, {"x": 394, "y": 74}, {"x": 391, "y": 80}, {"x": 387, "y": 83}, {"x": 384, "y": 88}, {"x": 379, "y": 92}, {"x": 370, "y": 94}, {"x": 367, "y": 103}, {"x": 366, "y": 107}, {"x": 366, "y": 110}, {"x": 366, "y": 114}, {"x": 368, "y": 121}, {"x": 374, "y": 129}, {"x": 380, "y": 135}, {"x": 386, "y": 136}, {"x": 390, "y": 137}, {"x": 398, "y": 138}, {"x": 402, "y": 137}, {"x": 414, "y": 138}, {"x": 426, "y": 143}, {"x": 434, "y": 145}, {"x": 437, "y": 145}, {"x": 447, "y": 146}, {"x": 450, "y": 147}, {"x": 456, "y": 148}, {"x": 467, "y": 147}, {"x": 471, "y": 142}, {"x": 478, "y": 132}, {"x": 481, "y": 123}, {"x": 481, "y": 112}, {"x": 480, "y": 106}, {"x": 475, "y": 100}, {"x": 469, "y": 98}, {"x": 461, "y": 95}, {"x": 454, "y": 93}, {"x": 452, "y": 88}, {"x": 449, "y": 77}, {"x": 448, "y": 76}, {"x": 443, "y": 74}, {"x": 438, "y": 73}, {"x": 435, "y": 73}, {"x": 431, "y": 72}, {"x": 425, "y": 70}, {"x": 421, "y": 70}, {"x": 414, "y": 70}, {"x": 406, "y": 70}, {"x": 400, "y": 69}, {"x": 396, "y": 69}, {"x": 392, "y": 69}], "annotation": {}, "regionType": "freehand"}]</svg></mark></case>