<case><number>598</number><age>78</age><sex>F</sex><composition>predominantly solid</composition><echogenicity>hyperechogenecity</echogenicity><margins>well defined smooth</margins><calcifications>non</calcifications><tirads>3</tirads><reportbacaf></reportbacaf><reporteco></reporteco><mark><image>1</image><svg>[{"points": [{"x": 229, "y": 93}, {"x": 229, "y": 101}, {"x": 229, "y": 113}, {"x": 231, "y": 120}, {"x": 235, "y": 128}, {"x": 237, "y": 137}, {"x": 243, "y": 140}, {"x": 245, "y": 143}, {"x": 253, "y": 150}, {"x": 258, "y": 156}, {"x": 264, "y": 159}, {"x": 274, "y": 163}, {"x": 283, "y": 167}, {"x": 287, "y": 168}, {"x": 296, "y": 169}, {"x": 306, "y": 172}, {"x": 320, "y": 176}, {"x": 325, "y": 178}, {"x": 333, "y": 179}, {"x": 341, "y": 181}, {"x": 348, "y": 182}, {"x": 357, "y": 183}, {"x": 366, "y": 183}, {"x": 372, "y": 183}, {"x": 392, "y": 177}, {"x": 397, "y": 172}, {"x": 402, "y": 162}, {"x": 404, "y": 155}, {"x": 404, "y": 150}, {"x": 404, "y": 142}, {"x": 400, "y": 133}, {"x": 393, "y": 126}, {"x": 386, "y": 120}, {"x": 386, "y": 120}, {"x": 374, "y": 115}, {"x": 368, "y": 113}, {"x": 359, "y": 109}, {"x": 354, "y": 105}, {"x": 345, "y": 103}, {"x": 334, "y": 101}, {"x": 328, "y": 99}, {"x": 322, "y": 98}, {"x": 314, "y": 97}, {"x": 302, "y": 96}, {"x": 290, "y": 94}, {"x": 288, "y": 93}, {"x": 275, "y": 88}, {"x": 268, "y": 88}, {"x": 259, "y": 89}, {"x": 248, "y": 90}, {"x": 243, "y": 90}, {"x": 236, "y": 91}, {"x": 233, "y": 94}, {"x": 233, "y": 94}], "annotation": {}, "regionType": "freehand"}]</svg></mark></case>