<case><number>610</number><age>52</age><sex>F</sex><composition>spongiform appareance</composition><echogenicity>hypoechogenecity</echogenicity><margins>well defined smooth</margins><calcifications>microcalcification</calcifications><tirads>4a</tirads><reportbacaf></reportbacaf><reporteco></reporteco><mark><image>1</image><svg>[{"points": [{"x": 294, "y": 57}, {"x": 282, "y": 57}, {"x": 273, "y": 62}, {"x": 265, "y": 75}, {"x": 261, "y": 84}, {"x": 258, "y": 91}, {"x": 258, "y": 98}, {"x": 260, "y": 101}, {"x": 265, "y": 105}, {"x": 278, "y": 114}, {"x": 282, "y": 116}, {"x": 291, "y": 117}, {"x": 301, "y": 117}, {"x": 309, "y": 117}, {"x": 317, "y": 110}, {"x": 320, "y": 103}, {"x": 322, "y": 101}, {"x": 327, "y": 94}, {"x": 328, "y": 86}, {"x": 327, "y": 79}, {"x": 326, "y": 75}, {"x": 321, "y": 66}, {"x": 315, "y": 62}, {"x": 308, "y": 60}, {"x": 296, "y": 59}, {"x": 293, "y": 59}], "annotation": {}, "regionType": "freehand"}]</svg></mark></case>