<case><number>567</number><age>40 </age><sex>F</sex><composition>solid</composition><echogenicity>hypoechogenecity</echogenicity><margins>ill- defined</margins><calcifications>microcalcification</calcifications><tirads>4c</tirads><reportbacaf></reportbacaf><reporteco></reporteco><mark><image>1</image><svg>[{"points": [{"x": 273, "y": 77}, {"x": 265, "y": 75}, {"x": 261, "y": 75}, {"x": 258, "y": 79}, {"x": 254, "y": 87}, {"x": 253, "y": 97}, {"x": 255, "y": 105}, {"x": 255, "y": 113}, {"x": 251, "y": 126}, {"x": 250, "y": 136}, {"x": 249, "y": 151}, {"x": 249, "y": 155}, {"x": 250, "y": 163}, {"x": 256, "y": 168}, {"x": 259, "y": 169}, {"x": 274, "y": 170}, {"x": 285, "y": 170}, {"x": 294, "y": 164}, {"x": 298, "y": 162}, {"x": 301, "y": 155}, {"x": 299, "y": 150}, {"x": 297, "y": 144}, {"x": 295, "y": 136}, {"x": 295, "y": 131}, {"x": 297, "y": 118}, {"x": 302, "y": 111}, {"x": 305, "y": 111}, {"x": 305, "y": 105}, {"x": 302, "y": 102}, {"x": 298, "y": 96}, {"x": 292, "y": 89}, {"x": 288, "y": 86}, {"x": 279, "y": 78}, {"x": 271, "y": 76}], "annotation": {}, "regionType": "freehand"}]</svg></mark></case>