<case><number>565</number><age>50</age><sex>F</sex><composition>solid</composition><echogenicity>hypoechogenecity</echogenicity><margins>ill- defined</margins><calcifications>microcalcification</calcifications><tirads>5</tirads><reportbacaf></reportbacaf><reporteco></reporteco><mark><image>1</image><svg>[{"points": [{"x": 150, "y": 91}, {"x": 148, "y": 99}, {"x": 146, "y": 108}, {"x": 146, "y": 115}, {"x": 147, "y": 125}, {"x": 147, "y": 139}, {"x": 148, "y": 144}, {"x": 149, "y": 147}, {"x": 153, "y": 165}, {"x": 152, "y": 173}, {"x": 153, "y": 177}, {"x": 160, "y": 186}, {"x": 167, "y": 194}, {"x": 177, "y": 196}, {"x": 191, "y": 201}, {"x": 205, "y": 207}, {"x": 209, "y": 208}, {"x": 237, "y": 218}, {"x": 243, "y": 221}, {"x": 254, "y": 225}, {"x": 257, "y": 225}, {"x": 267, "y": 226}, {"x": 271, "y": 228}, {"x": 288, "y": 225}, {"x": 307, "y": 225}, {"x": 312, "y": 225}, {"x": 329, "y": 218}, {"x": 345, "y": 212}, {"x": 364, "y": 202}, {"x": 374, "y": 198}, {"x": 384, "y": 191}, {"x": 392, "y": 187}, {"x": 399, "y": 178}, {"x": 402, "y": 175}, {"x": 405, "y": 165}, {"x": 408, "y": 155}, {"x": 410, "y": 138}, {"x": 410, "y": 129}, {"x": 410, "y": 118}, {"x": 407, "y": 105}, {"x": 407, "y": 102}, {"x": 400, "y": 84}, {"x": 397, "y": 81}, {"x": 383, "y": 68}, {"x": 379, "y": 64}, {"x": 363, "y": 53}, {"x": 352, "y": 47}, {"x": 322, "y": 39}, {"x": 298, "y": 35}, {"x": 291, "y": 34}, {"x": 274, "y": 34}, {"x": 266, "y": 35}, {"x": 254, "y": 36}, {"x": 233, "y": 39}, {"x": 223, "y": 41}, {"x": 214, "y": 41}, {"x": 201, "y": 45}, {"x": 194, "y": 49}, {"x": 185, "y": 57}, {"x": 167, "y": 68}, {"x": 160, "y": 73}, {"x": 156, "y": 85}, {"x": 150, "y": 92}, {"x": 148, "y": 96}], "annotation": {}, "regionType": "freehand"}]</svg></mark></case>