<case><number>574</number><age>43</age><sex>F</sex><composition>solid</composition><echogenicity>marked hypoechogenecity</echogenicity><margins>ill- defined</margins><calcifications>microcalcification</calcifications><tirads>5</tirads><reportbacaf></reportbacaf><reporteco></reporteco><mark><image>1</image><svg>[{"points": [{"x": 304, "y": 81}, {"x": 284, "y": 78}, {"x": 281, "y": 81}, {"x": 279, "y": 85}, {"x": 275, "y": 87}, {"x": 270, "y": 88}, {"x": 266, "y": 88}, {"x": 255, "y": 91}, {"x": 245, "y": 91}, {"x": 240, "y": 91}, {"x": 233, "y": 94}, {"x": 232, "y": 101}, {"x": 232, "y": 105}, {"x": 228, "y": 109}, {"x": 222, "y": 113}, {"x": 220, "y": 117}, {"x": 216, "y": 121}, {"x": 218, "y": 129}, {"x": 224, "y": 131}, {"x": 225, "y": 137}, {"x": 225, "y": 146}, {"x": 225, "y": 149}, {"x": 225, "y": 151}, {"x": 223, "y": 158}, {"x": 228, "y": 170}, {"x": 237, "y": 177}, {"x": 240, "y": 183}, {"x": 241, "y": 185}, {"x": 243, "y": 191}, {"x": 247, "y": 193}, {"x": 255, "y": 195}, {"x": 260, "y": 195}, {"x": 272, "y": 195}, {"x": 282, "y": 196}, {"x": 287, "y": 198}, {"x": 295, "y": 200}, {"x": 312, "y": 202}, {"x": 314, "y": 202}, {"x": 319, "y": 202}, {"x": 325, "y": 202}, {"x": 328, "y": 197}, {"x": 330, "y": 193}, {"x": 349, "y": 183}, {"x": 353, "y": 180}, {"x": 371, "y": 176}, {"x": 375, "y": 176}, {"x": 383, "y": 173}, {"x": 385, "y": 170}, {"x": 386, "y": 167}, {"x": 386, "y": 164}, {"x": 383, "y": 155}, {"x": 367, "y": 144}, {"x": 365, "y": 141}, {"x": 364, "y": 135}, {"x": 350, "y": 124}, {"x": 348, "y": 119}, {"x": 349, "y": 110}, {"x": 346, "y": 104}, {"x": 343, "y": 99}, {"x": 337, "y": 96}, {"x": 333, "y": 86}, {"x": 329, "y": 84}, {"x": 318, "y": 82}, {"x": 311, "y": 82}, {"x": 305, "y": 81}, {"x": 304, "y": 81}], "annotation": {}, "regionType": "freehand"}]</svg></mark></case>