<case><number>613</number><age>77</age><sex>F</sex><composition>spongiform appareance</composition><echogenicity>hyperechogenecity</echogenicity><margins>well defined smooth</margins><calcifications>microcalcification</calcifications><tirads>4a</tirads><reportbacaf></reportbacaf><reporteco></reporteco><mark><image>1</image><svg>[{"points": [{"x": 278, "y": 48}, {"x": 274, "y": 57}, {"x": 268, "y": 61}, {"x": 257, "y": 64}, {"x": 250, "y": 68}, {"x": 245, "y": 74}, {"x": 242, "y": 79}, {"x": 238, "y": 86}, {"x": 238, "y": 87}, {"x": 232, "y": 93}, {"x": 231, "y": 95}, {"x": 229, "y": 103}, {"x": 229, "y": 114}, {"x": 229, "y": 122}, {"x": 230, "y": 128}, {"x": 231, "y": 134}, {"x": 233, "y": 138}, {"x": 233, "y": 138}, {"x": 239, "y": 147}, {"x": 240, "y": 152}, {"x": 250, "y": 157}, {"x": 259, "y": 157}, {"x": 268, "y": 158}, {"x": 285, "y": 165}, {"x": 293, "y": 166}, {"x": 300, "y": 167}, {"x": 303, "y": 166}, {"x": 311, "y": 161}, {"x": 315, "y": 158}, {"x": 324, "y": 154}, {"x": 332, "y": 153}, {"x": 341, "y": 151}, {"x": 356, "y": 150}, {"x": 367, "y": 148}, {"x": 374, "y": 146}, {"x": 388, "y": 142}, {"x": 397, "y": 139}, {"x": 415, "y": 125}, {"x": 421, "y": 114}, {"x": 422, "y": 108}, {"x": 422, "y": 108}, {"x": 421, "y": 97}, {"x": 417, "y": 89}, {"x": 414, "y": 83}, {"x": 410, "y": 77}, {"x": 405, "y": 70}, {"x": 403, "y": 66}, {"x": 393, "y": 60}, {"x": 383, "y": 55}, {"x": 370, "y": 54}, {"x": 365, "y": 53}, {"x": 357, "y": 51}, {"x": 348, "y": 50}, {"x": 341, "y": 50}, {"x": 333, "y": 50}, {"x": 321, "y": 50}, {"x": 318, "y": 50}, {"x": 307, "y": 49}, {"x": 300, "y": 49}, {"x": 294, "y": 47}, {"x": 288, "y": 46}, {"x": 284, "y": 46}, {"x": 277, "y": 47}], "annotation": {}, "regionType": "freehand"}]</svg></mark></case>