<case><number>648</number><age>81</age><sex>M</sex><composition>cystic</composition><echogenicity>isoechogenicity</echogenicity><margins>well defined smooth</margins><calcifications>non</calcifications><tirads>2</tirads><reportbacaf></reportbacaf><reporteco></reporteco><mark><image>1</image><svg>[{"points": [{"x": 289, "y": 37}, {"x": 282, "y": 37}, {"x": 269, "y": 37}, {"x": 251, "y": 38}, {"x": 246, "y": 38}, {"x": 232, "y": 40}, {"x": 220, "y": 43}, {"x": 208, "y": 44}, {"x": 196, "y": 48}, {"x": 189, "y": 48}, {"x": 188, "y": 49}, {"x": 181, "y": 56}, {"x": 171, "y": 63}, {"x": 166, "y": 69}, {"x": 160, "y": 76}, {"x": 160, "y": 77}, {"x": 157, "y": 86}, {"x": 156, "y": 92}, {"x": 155, "y": 100}, {"x": 152, "y": 111}, {"x": 150, "y": 116}, {"x": 152, "y": 144}, {"x": 153, "y": 155}, {"x": 153, "y": 161}, {"x": 152, "y": 175}, {"x": 153, "y": 189}, {"x": 154, "y": 202}, {"x": 156, "y": 204}, {"x": 163, "y": 212}, {"x": 168, "y": 231}, {"x": 186, "y": 249}, {"x": 196, "y": 259}, {"x": 198, "y": 263}, {"x": 214, "y": 275}, {"x": 228, "y": 282}, {"x": 236, "y": 283}, {"x": 253, "y": 285}, {"x": 262, "y": 285}, {"x": 285, "y": 286}, {"x": 295, "y": 287}, {"x": 322, "y": 287}, {"x": 342, "y": 287}, {"x": 361, "y": 288}, {"x": 365, "y": 288}, {"x": 372, "y": 289}, {"x": 396, "y": 287}, {"x": 402, "y": 285}, {"x": 407, "y": 282}, {"x": 418, "y": 263}, {"x": 420, "y": 258}, {"x": 422, "y": 255}, {"x": 424, "y": 237}, {"x": 425, "y": 211}, {"x": 426, "y": 193}, {"x": 426, "y": 182}, {"x": 425, "y": 168}, {"x": 425, "y": 152}, {"x": 425, "y": 141}, {"x": 426, "y": 116}, {"x": 425, "y": 109}, {"x": 424, "y": 107}, {"x": 424, "y": 98}, {"x": 419, "y": 90}, {"x": 415, "y": 87}, {"x": 411, "y": 84}, {"x": 401, "y": 75}, {"x": 398, "y": 70}, {"x": 391, "y": 67}, {"x": 381, "y": 56}, {"x": 374, "y": 51}, {"x": 365, "y": 47}, {"x": 340, "y": 41}, {"x": 321, "y": 38}, {"x": 300, "y": 38}, {"x": 290, "y": 37}, {"x": 289, "y": 37}], "annotation": {}, "regionType": "freehand"}]</svg></mark></case>