<case><number>626</number><age>35</age><sex>F</sex><composition>solid</composition><echogenicity>hypoechogenecity</echogenicity><margins>well defined smooth</margins><calcifications>non</calcifications><tirads>4b</tirads><reportbacaf></reportbacaf><reporteco></reporteco><mark><image>1</image><svg>[{"points": [{"x": 290, "y": 112}, {"x": 278, "y": 118}, {"x": 270, "y": 122}, {"x": 254, "y": 129}, {"x": 251, "y": 132}, {"x": 245, "y": 138}, {"x": 239, "y": 145}, {"x": 237, "y": 149}, {"x": 236, "y": 157}, {"x": 244, "y": 165}, {"x": 250, "y": 169}, {"x": 258, "y": 172}, {"x": 264, "y": 177}, {"x": 275, "y": 178}, {"x": 283, "y": 178}, {"x": 293, "y": 178}, {"x": 301, "y": 175}, {"x": 306, "y": 170}, {"x": 311, "y": 163}, {"x": 319, "y": 154}, {"x": 324, "y": 149}, {"x": 328, "y": 144}, {"x": 329, "y": 136}, {"x": 329, "y": 131}, {"x": 327, "y": 130}, {"x": 320, "y": 124}, {"x": 313, "y": 120}, {"x": 307, "y": 119}, {"x": 299, "y": 119}, {"x": 293, "y": 118}, {"x": 291, "y": 114}], "annotation": {}, "regionType": "freehand"}]</svg></mark></case>