<case><number>620</number><age>48</age><sex>F</sex><composition>spongiform appareance</composition><echogenicity>hypoechogenecity</echogenicity><margins>well defined smooth</margins><calcifications>microcalcification</calcifications><tirads>4a</tirads><reportbacaf></reportbacaf><reporteco></reporteco><mark><image>1</image><svg>[{"points": [{"x": 350, "y": 110}, {"x": 357, "y": 102}, {"x": 359, "y": 96}, {"x": 358, "y": 91}, {"x": 348, "y": 89}, {"x": 341, "y": 89}, {"x": 325, "y": 88}, {"x": 319, "y": 87}, {"x": 312, "y": 86}, {"x": 303, "y": 86}, {"x": 293, "y": 86}, {"x": 288, "y": 86}, {"x": 283, "y": 85}, {"x": 271, "y": 84}, {"x": 264, "y": 88}, {"x": 255, "y": 91}, {"x": 243, "y": 92}, {"x": 237, "y": 96}, {"x": 232, "y": 100}, {"x": 224, "y": 107}, {"x": 217, "y": 110}, {"x": 212, "y": 114}, {"x": 205, "y": 118}, {"x": 201, "y": 121}, {"x": 201, "y": 122}, {"x": 197, "y": 134}, {"x": 200, "y": 143}, {"x": 228, "y": 160}, {"x": 236, "y": 160}, {"x": 256, "y": 158}, {"x": 262, "y": 157}, {"x": 273, "y": 156}, {"x": 283, "y": 155}, {"x": 289, "y": 152}, {"x": 294, "y": 149}, {"x": 305, "y": 148}, {"x": 310, "y": 148}, {"x": 318, "y": 145}, {"x": 323, "y": 139}, {"x": 326, "y": 136}, {"x": 336, "y": 133}, {"x": 344, "y": 122}, {"x": 346, "y": 118}, {"x": 350, "y": 113}, {"x": 354, "y": 110}], "annotation": {}, "regionType": "freehand"}]</svg></mark></case>