<case><number>570</number><age>84</age><sex>F</sex><composition>spongiform appareance</composition><echogenicity>hypoechogenecity</echogenicity><margins>well defined smooth</margins><calcifications>microcalcification</calcifications><tirads>4b</tirads><reportbacaf></reportbacaf><reporteco></reporteco><mark><image>1</image><svg>[{"points": [{"x": 270, "y": 89}, {"x": 267, "y": 100}, {"x": 266, "y": 114}, {"x": 266, "y": 119}, {"x": 270, "y": 133}, {"x": 275, "y": 144}, {"x": 285, "y": 149}, {"x": 290, "y": 161}, {"x": 293, "y": 165}, {"x": 297, "y": 172}, {"x": 305, "y": 183}, {"x": 313, "y": 186}, {"x": 327, "y": 191}, {"x": 340, "y": 191}, {"x": 355, "y": 188}, {"x": 364, "y": 187}, {"x": 376, "y": 181}, {"x": 380, "y": 174}, {"x": 384, "y": 165}, {"x": 384, "y": 156}, {"x": 389, "y": 138}, {"x": 393, "y": 135}, {"x": 402, "y": 125}, {"x": 403, "y": 124}, {"x": 401, "y": 101}, {"x": 400, "y": 99}, {"x": 384, "y": 83}, {"x": 371, "y": 77}, {"x": 367, "y": 77}, {"x": 352, "y": 71}, {"x": 336, "y": 70}, {"x": 328, "y": 70}, {"x": 308, "y": 70}, {"x": 295, "y": 72}, {"x": 289, "y": 75}, {"x": 275, "y": 80}, {"x": 271, "y": 86}], "annotation": {}, "regionType": "freehand"}]</svg></mark></case>