<case><number>630</number><age>44</age><sex>F</sex><composition>solid</composition><echogenicity>isoechogenicity</echogenicity><margins>well defined smooth</margins><calcifications>microcalcification</calcifications><tirads>4b</tirads><reportbacaf></reportbacaf><reporteco></reporteco><mark><image>1</image><svg>[{"points": [{"x": 290, "y": 72}, {"x": 278, "y": 75}, {"x": 272, "y": 79}, {"x": 266, "y": 80}, {"x": 260, "y": 81}, {"x": 259, "y": 82}, {"x": 256, "y": 84}, {"x": 251, "y": 87}, {"x": 247, "y": 95}, {"x": 247, "y": 98}, {"x": 247, "y": 104}, {"x": 247, "y": 109}, {"x": 247, "y": 116}, {"x": 251, "y": 123}, {"x": 253, "y": 130}, {"x": 254, "y": 139}, {"x": 256, "y": 145}, {"x": 257, "y": 148}, {"x": 261, "y": 153}, {"x": 272, "y": 159}, {"x": 277, "y": 159}, {"x": 286, "y": 159}, {"x": 294, "y": 159}, {"x": 300, "y": 159}, {"x": 306, "y": 152}, {"x": 311, "y": 144}, {"x": 313, "y": 140}, {"x": 313, "y": 136}, {"x": 317, "y": 129}, {"x": 320, "y": 125}, {"x": 332, "y": 116}, {"x": 333, "y": 115}, {"x": 337, "y": 106}, {"x": 339, "y": 98}, {"x": 340, "y": 95}, {"x": 338, "y": 88}, {"x": 330, "y": 81}, {"x": 322, "y": 78}, {"x": 311, "y": 75}, {"x": 304, "y": 74}, {"x": 293, "y": 73}, {"x": 289, "y": 73}], "annotation": {}, "regionType": "freehand"}]</svg></mark></case>