<case><number>580</number><age>63</age><sex>F</sex><composition>spongiform appareance</composition><echogenicity>hypoechogenecity</echogenicity><margins>well defined smooth</margins><calcifications>non</calcifications><tirads>2</tirads><reportbacaf></reportbacaf><reporteco></reporteco><mark><image>1</image><svg>[{"points": [{"x": 202, "y": 74}, {"x": 197, "y": 82}, {"x": 185, "y": 87}, {"x": 174, "y": 93}, {"x": 163, "y": 109}, {"x": 158, "y": 136}, {"x": 158, "y": 144}, {"x": 162, "y": 161}, {"x": 169, "y": 175}, {"x": 174, "y": 188}, {"x": 180, "y": 196}, {"x": 185, "y": 204}, {"x": 188, "y": 205}, {"x": 205, "y": 212}, {"x": 214, "y": 217}, {"x": 221, "y": 223}, {"x": 266, "y": 231}, {"x": 276, "y": 232}, {"x": 290, "y": 232}, {"x": 309, "y": 232}, {"x": 324, "y": 231}, {"x": 338, "y": 227}, {"x": 368, "y": 215}, {"x": 377, "y": 211}, {"x": 397, "y": 199}, {"x": 405, "y": 194}, {"x": 415, "y": 184}, {"x": 424, "y": 168}, {"x": 431, "y": 151}, {"x": 431, "y": 144}, {"x": 428, "y": 120}, {"x": 426, "y": 106}, {"x": 420, "y": 89}, {"x": 412, "y": 81}, {"x": 396, "y": 73}, {"x": 388, "y": 72}, {"x": 372, "y": 69}, {"x": 357, "y": 66}, {"x": 340, "y": 64}, {"x": 330, "y": 64}, {"x": 323, "y": 63}, {"x": 308, "y": 63}, {"x": 302, "y": 62}, {"x": 292, "y": 60}, {"x": 290, "y": 60}, {"x": 279, "y": 60}, {"x": 272, "y": 61}, {"x": 260, "y": 62}, {"x": 258, "y": 62}, {"x": 256, "y": 63}, {"x": 250, "y": 64}, {"x": 242, "y": 65}, {"x": 238, "y": 65}, {"x": 234, "y": 65}, {"x": 229, "y": 66}, {"x": 222, "y": 67}, {"x": 219, "y": 67}, {"x": 215, "y": 68}, {"x": 208, "y": 71}, {"x": 205, "y": 72}, {"x": 204, "y": 72}], "annotation": {}, "regionType": "freehand"}]</svg></mark></case>