<case><number>554</number><age>82</age><sex>F</sex><composition>solid</composition><echogenicity>hypoechogenecity</echogenicity><margins>well defined smooth</margins><calcifications>microcalcification</calcifications><tirads>4c</tirads><reportbacaf></reportbacaf><reporteco></reporteco><mark><image>1</image><svg>[{"points": [{"x": 262, "y": 98}, {"x": 260, "y": 102}, {"x": 259, "y": 110}, {"x": 264, "y": 120}, {"x": 266, "y": 126}, {"x": 267, "y": 127}, {"x": 267, "y": 130}, {"x": 267, "y": 134}, {"x": 265, "y": 143}, {"x": 265, "y": 154}, {"x": 266, "y": 160}, {"x": 267, "y": 160}, {"x": 270, "y": 163}, {"x": 272, "y": 165}, {"x": 277, "y": 165}, {"x": 279, "y": 165}, {"x": 285, "y": 165}, {"x": 291, "y": 165}, {"x": 295, "y": 159}, {"x": 303, "y": 155}, {"x": 310, "y": 151}, {"x": 314, "y": 145}, {"x": 319, "y": 138}, {"x": 319, "y": 130}, {"x": 319, "y": 126}, {"x": 314, "y": 120}, {"x": 313, "y": 118}, {"x": 310, "y": 114}, {"x": 308, "y": 109}, {"x": 303, "y": 103}, {"x": 302, "y": 102}, {"x": 293, "y": 95}, {"x": 289, "y": 95}, {"x": 279, "y": 95}, {"x": 274, "y": 95}, {"x": 269, "y": 95}, {"x": 262, "y": 101}], "annotation": {}, "regionType": "freehand"}]</svg></mark></case>