<case><number>632</number><age>63</age><sex>F</sex><composition>solid</composition><echogenicity>hyperechogenecity</echogenicity><margins>well defined smooth</margins><calcifications>non</calcifications><tirads>2</tirads><reportbacaf></reportbacaf><reporteco></reporteco><mark><image>1</image><svg>[{"points": [{"x": 265, "y": 113}, {"x": 250, "y": 116}, {"x": 239, "y": 120}, {"x": 230, "y": 125}, {"x": 222, "y": 129}, {"x": 216, "y": 134}, {"x": 211, "y": 142}, {"x": 208, "y": 148}, {"x": 205, "y": 154}, {"x": 203, "y": 161}, {"x": 202, "y": 170}, {"x": 202, "y": 177}, {"x": 206, "y": 184}, {"x": 211, "y": 187}, {"x": 221, "y": 191}, {"x": 224, "y": 193}, {"x": 231, "y": 194}, {"x": 237, "y": 196}, {"x": 254, "y": 197}, {"x": 259, "y": 198}, {"x": 270, "y": 199}, {"x": 279, "y": 199}, {"x": 283, "y": 198}, {"x": 288, "y": 197}, {"x": 301, "y": 194}, {"x": 310, "y": 192}, {"x": 318, "y": 189}, {"x": 325, "y": 181}, {"x": 327, "y": 176}, {"x": 329, "y": 172}, {"x": 330, "y": 159}, {"x": 330, "y": 154}, {"x": 329, "y": 144}, {"x": 327, "y": 139}, {"x": 315, "y": 125}, {"x": 308, "y": 124}, {"x": 295, "y": 121}, {"x": 286, "y": 121}, {"x": 268, "y": 113}, {"x": 265, "y": 113}], "annotation": {}, "regionType": "freehand"}]</svg></mark></case>