<case><number>594</number><age>60</age><sex>F</sex><composition>spongiform appareance</composition><echogenicity>isoechogenicity</echogenicity><margins>well defined smooth</margins><calcifications>non</calcifications><tirads>2</tirads><reportbacaf></reportbacaf><reporteco></reporteco><mark><image>1</image><svg>[{"points": [{"x": 366, "y": 176}, {"x": 363, "y": 180}, {"x": 359, "y": 185}, {"x": 354, "y": 194}, {"x": 340, "y": 207}, {"x": 305, "y": 217}, {"x": 293, "y": 219}, {"x": 275, "y": 220}, {"x": 269, "y": 220}, {"x": 259, "y": 218}, {"x": 246, "y": 212}, {"x": 243, "y": 212}, {"x": 226, "y": 200}, {"x": 221, "y": 198}, {"x": 211, "y": 190}, {"x": 207, "y": 187}, {"x": 205, "y": 185}, {"x": 203, "y": 184}, {"x": 199, "y": 178}, {"x": 198, "y": 176}, {"x": 195, "y": 174}, {"x": 192, "y": 168}, {"x": 190, "y": 163}, {"x": 187, "y": 155}, {"x": 185, "y": 149}, {"x": 185, "y": 143}, {"x": 191, "y": 135}, {"x": 201, "y": 126}, {"x": 206, "y": 122}, {"x": 233, "y": 106}, {"x": 240, "y": 106}, {"x": 249, "y": 105}, {"x": 259, "y": 104}, {"x": 269, "y": 103}, {"x": 276, "y": 103}, {"x": 299, "y": 103}, {"x": 323, "y": 110}, {"x": 334, "y": 114}, {"x": 343, "y": 116}, {"x": 347, "y": 117}, {"x": 356, "y": 125}, {"x": 358, "y": 126}, {"x": 364, "y": 137}, {"x": 365, "y": 139}, {"x": 368, "y": 147}, {"x": 369, "y": 153}, {"x": 370, "y": 157}, {"x": 370, "y": 162}, {"x": 370, "y": 167}, {"x": 370, "y": 170}, {"x": 370, "y": 171}, {"x": 366, "y": 176}], "annotation": {}, "regionType": "freehand"}]</svg></mark></case>