<case><number>593</number><age>73</age><sex>F</sex><composition>spongiform appareance</composition><echogenicity>isoechogenicity</echogenicity><margins>well defined smooth</margins><calcifications>non</calcifications><tirads>3</tirads><reportbacaf></reportbacaf><reporteco></reporteco><mark><image>1</image><svg>[{"points": [{"x": 198, "y": 124}, {"x": 197, "y": 135}, {"x": 199, "y": 147}, {"x": 206, "y": 161}, {"x": 211, "y": 175}, {"x": 216, "y": 184}, {"x": 230, "y": 198}, {"x": 239, "y": 202}, {"x": 252, "y": 214}, {"x": 257, "y": 218}, {"x": 269, "y": 222}, {"x": 292, "y": 225}, {"x": 300, "y": 222}, {"x": 330, "y": 212}, {"x": 343, "y": 204}, {"x": 353, "y": 195}, {"x": 355, "y": 193}, {"x": 366, "y": 181}, {"x": 369, "y": 176}, {"x": 371, "y": 162}, {"x": 373, "y": 152}, {"x": 374, "y": 139}, {"x": 373, "y": 139}, {"x": 363, "y": 131}, {"x": 357, "y": 124}, {"x": 350, "y": 118}, {"x": 333, "y": 110}, {"x": 321, "y": 102}, {"x": 308, "y": 98}, {"x": 290, "y": 94}, {"x": 276, "y": 93}, {"x": 261, "y": 92}, {"x": 246, "y": 92}, {"x": 227, "y": 103}, {"x": 215, "y": 110}, {"x": 205, "y": 118}, {"x": 198, "y": 127}], "annotation": {}, "regionType": "freehand"}]</svg></mark></case>