<case><number>622</number><age>35</age><sex>M</sex><composition>solid</composition><echogenicity>hypoechogenecity</echogenicity><margins>microlobulated</margins><calcifications>microcalcification</calcifications><tirads>4c</tirads><reportbacaf></reportbacaf><reporteco></reporteco><mark><image>1</image><svg>[{"points": [{"x": 300, "y": 93}, {"x": 290, "y": 95}, {"x": 281, "y": 95}, {"x": 264, "y": 100}, {"x": 252, "y": 103}, {"x": 241, "y": 108}, {"x": 234, "y": 110}, {"x": 225, "y": 114}, {"x": 218, "y": 118}, {"x": 212, "y": 122}, {"x": 202, "y": 132}, {"x": 201, "y": 132}, {"x": 196, "y": 141}, {"x": 189, "y": 146}, {"x": 182, "y": 150}, {"x": 180, "y": 156}, {"x": 179, "y": 165}, {"x": 182, "y": 174}, {"x": 182, "y": 178}, {"x": 177, "y": 182}, {"x": 177, "y": 186}, {"x": 178, "y": 192}, {"x": 187, "y": 202}, {"x": 190, "y": 207}, {"x": 196, "y": 211}, {"x": 203, "y": 215}, {"x": 223, "y": 219}, {"x": 226, "y": 221}, {"x": 231, "y": 223}, {"x": 233, "y": 224}, {"x": 244, "y": 227}, {"x": 246, "y": 227}, {"x": 257, "y": 229}, {"x": 260, "y": 229}, {"x": 272, "y": 227}, {"x": 273, "y": 224}, {"x": 284, "y": 224}, {"x": 296, "y": 226}, {"x": 305, "y": 231}, {"x": 316, "y": 232}, {"x": 335, "y": 233}, {"x": 352, "y": 236}, {"x": 353, "y": 236}, {"x": 362, "y": 235}, {"x": 367, "y": 232}, {"x": 370, "y": 229}, {"x": 376, "y": 225}, {"x": 382, "y": 221}, {"x": 398, "y": 209}, {"x": 403, "y": 193}, {"x": 405, "y": 182}, {"x": 405, "y": 181}, {"x": 405, "y": 161}, {"x": 405, "y": 159}, {"x": 400, "y": 138}, {"x": 379, "y": 122}, {"x": 361, "y": 108}, {"x": 352, "y": 106}, {"x": 342, "y": 105}, {"x": 324, "y": 98}, {"x": 313, "y": 97}, {"x": 307, "y": 97}, {"x": 298, "y": 95}], "annotation": {}, "regionType": "freehand"}]</svg></mark></case>