<case><number>606</number><age>56</age><sex>F</sex><composition>spongiform appareance</composition><echogenicity>isoechogenicity</echogenicity><margins>well defined smooth</margins><calcifications>microcalcification</calcifications><tirads>4a</tirads><reportbacaf></reportbacaf><reporteco></reporteco><mark><image>1</image><svg>[{"points": [{"x": 238, "y": 78}, {"x": 232, "y": 89}, {"x": 232, "y": 96}, {"x": 226, "y": 101}, {"x": 220, "y": 103}, {"x": 210, "y": 105}, {"x": 205, "y": 111}, {"x": 203, "y": 118}, {"x": 200, "y": 125}, {"x": 198, "y": 131}, {"x": 196, "y": 135}, {"x": 195, "y": 139}, {"x": 195, "y": 146}, {"x": 198, "y": 151}, {"x": 199, "y": 157}, {"x": 199, "y": 159}, {"x": 199, "y": 173}, {"x": 198, "y": 184}, {"x": 198, "y": 191}, {"x": 198, "y": 195}, {"x": 197, "y": 205}, {"x": 197, "y": 209}, {"x": 199, "y": 213}, {"x": 201, "y": 219}, {"x": 201, "y": 222}, {"x": 205, "y": 228}, {"x": 213, "y": 234}, {"x": 219, "y": 237}, {"x": 228, "y": 241}, {"x": 249, "y": 246}, {"x": 255, "y": 247}, {"x": 264, "y": 248}, {"x": 271, "y": 248}, {"x": 278, "y": 246}, {"x": 286, "y": 244}, {"x": 297, "y": 244}, {"x": 307, "y": 244}, {"x": 313, "y": 244}, {"x": 320, "y": 244}, {"x": 340, "y": 245}, {"x": 355, "y": 244}, {"x": 395, "y": 236}, {"x": 400, "y": 230}, {"x": 404, "y": 220}, {"x": 406, "y": 215}, {"x": 409, "y": 207}, {"x": 409, "y": 201}, {"x": 408, "y": 193}, {"x": 408, "y": 187}, {"x": 408, "y": 180}, {"x": 409, "y": 170}, {"x": 408, "y": 157}, {"x": 407, "y": 148}, {"x": 407, "y": 128}, {"x": 407, "y": 109}, {"x": 406, "y": 103}, {"x": 403, "y": 97}, {"x": 401, "y": 93}, {"x": 398, "y": 85}, {"x": 397, "y": 77}, {"x": 397, "y": 70}, {"x": 392, "y": 63}, {"x": 386, "y": 57}, {"x": 376, "y": 51}, {"x": 365, "y": 48}, {"x": 355, "y": 48}, {"x": 348, "y": 48}, {"x": 340, "y": 48}, {"x": 313, "y": 47}, {"x": 294, "y": 44}, {"x": 288, "y": 44}, {"x": 278, "y": 45}, {"x": 254, "y": 53}, {"x": 239, "y": 67}, {"x": 237, "y": 74}], "annotation": {}, "regionType": "freehand"}]</svg></mark></case>