<case><number>617</number><age>62</age><sex>M</sex><composition>solid</composition><echogenicity>hypoechogenecity</echogenicity><margins>well defined smooth</margins><calcifications>macrocalcification</calcifications><tirads>4b</tirads><reportbacaf></reportbacaf><reporteco>ARROW: MACROCALCIFICATIONS</reporteco><mark><image>1</image><svg>[{"points": [{"x": 282, "y": 110}, {"x": 289, "y": 118}, {"x": 293, "y": 124}, {"x": 298, "y": 128}, {"x": 301, "y": 130}, {"x": 303, "y": 134}, {"x": 303, "y": 139}, {"x": 304, "y": 145}, {"x": 304, "y": 150}, {"x": 304, "y": 154}, {"x": 302, "y": 159}, {"x": 300, "y": 163}, {"x": 298, "y": 166}, {"x": 291, "y": 168}, {"x": 283, "y": 169}, {"x": 278, "y": 169}, {"x": 272, "y": 169}, {"x": 266, "y": 169}, {"x": 265, "y": 168}, {"x": 259, "y": 165}, {"x": 256, "y": 159}, {"x": 255, "y": 154}, {"x": 254, "y": 149}, {"x": 255, "y": 139}, {"x": 255, "y": 130}, {"x": 260, "y": 123}, {"x": 264, "y": 118}, {"x": 269, "y": 117}, {"x": 274, "y": 114}, {"x": 282, "y": 113}], "annotation": {}, "regionType": "freehand"}, {"points": [{"x": 335, "y": 262}, {"x": 275, "y": 156}], "annotation": {}, "regionType": "arrow"}]</svg></mark></case>