<case><number>608</number><age>80</age><sex>F</sex><composition>solid</composition><echogenicity>hypoechogenecity</echogenicity><margins>ill- defined</margins><calcifications>macrocalcification</calcifications><tirads>5</tirads><reportbacaf></reportbacaf><reporteco></reporteco><mark><image>1</image><svg>[{"points": [{"x": 204, "y": 82}, {"x": 200, "y": 91}, {"x": 197, "y": 102}, {"x": 197, "y": 106}, {"x": 200, "y": 111}, {"x": 209, "y": 122}, {"x": 215, "y": 123}, {"x": 229, "y": 132}, {"x": 235, "y": 140}, {"x": 238, "y": 153}, {"x": 238, "y": 165}, {"x": 237, "y": 171}, {"x": 236, "y": 173}, {"x": 235, "y": 177}, {"x": 234, "y": 185}, {"x": 234, "y": 174}, {"x": 232, "y": 183}, {"x": 232, "y": 185}, {"x": 232, "y": 192}, {"x": 232, "y": 208}, {"x": 232, "y": 214}, {"x": 232, "y": 218}, {"x": 233, "y": 220}, {"x": 238, "y": 229}, {"x": 240, "y": 233}, {"x": 245, "y": 240}, {"x": 245, "y": 240}, {"x": 248, "y": 242}, {"x": 252, "y": 243}, {"x": 252, "y": 243}, {"x": 252, "y": 243}, {"x": 255, "y": 246}, {"x": 260, "y": 247}, {"x": 270, "y": 249}, {"x": 274, "y": 249}, {"x": 287, "y": 250}, {"x": 299, "y": 249}, {"x": 313, "y": 249}, {"x": 325, "y": 242}, {"x": 339, "y": 235}, {"x": 342, "y": 229}, {"x": 355, "y": 211}, {"x": 359, "y": 205}, {"x": 361, "y": 202}, {"x": 367, "y": 186}, {"x": 371, "y": 174}, {"x": 371, "y": 160}, {"x": 371, "y": 148}, {"x": 371, "y": 138}, {"x": 372, "y": 127}, {"x": 372, "y": 120}, {"x": 372, "y": 109}, {"x": 372, "y": 103}, {"x": 376, "y": 90}, {"x": 377, "y": 87}, {"x": 385, "y": 82}, {"x": 389, "y": 77}, {"x": 393, "y": 71}, {"x": 392, "y": 64}, {"x": 384, "y": 56}, {"x": 383, "y": 56}, {"x": 380, "y": 56}, {"x": 362, "y": 50}, {"x": 339, "y": 49}, {"x": 329, "y": 50}, {"x": 307, "y": 54}, {"x": 302, "y": 55}, {"x": 300, "y": 56}, {"x": 277, "y": 56}, {"x": 268, "y": 56}, {"x": 266, "y": 56}, {"x": 250, "y": 56}, {"x": 242, "y": 56}, {"x": 223, "y": 65}, {"x": 213, "y": 71}, {"x": 211, "y": 73}, {"x": 208, "y": 76}, {"x": 204, "y": 81}, {"x": 203, "y": 84}], "annotation": {}, "regionType": "freehand"}]</svg></mark></case>