<case><number>646</number><age>74</age><sex>F</sex><composition>spongiform appareance</composition><echogenicity>hypoechogenecity</echogenicity><margins>well defined smooth</margins><calcifications>microcalcification</calcifications><tirads>4c</tirads><reportbacaf></reportbacaf><reporteco></reporteco><mark><image>1</image><svg>[{"points": [{"x": 363, "y": 186}, {"x": 373, "y": 181}, {"x": 390, "y": 175}, {"x": 404, "y": 167}, {"x": 412, "y": 158}, {"x": 416, "y": 151}, {"x": 419, "y": 137}, {"x": 420, "y": 128}, {"x": 420, "y": 107}, {"x": 415, "y": 97}, {"x": 404, "y": 79}, {"x": 385, "y": 70}, {"x": 365, "y": 59}, {"x": 307, "y": 59}, {"x": 296, "y": 59}, {"x": 281, "y": 59}, {"x": 265, "y": 50}, {"x": 240, "y": 46}, {"x": 229, "y": 46}, {"x": 218, "y": 46}, {"x": 198, "y": 42}, {"x": 194, "y": 41}, {"x": 174, "y": 45}, {"x": 159, "y": 51}, {"x": 147, "y": 57}, {"x": 135, "y": 86}, {"x": 135, "y": 98}, {"x": 133, "y": 112}, {"x": 133, "y": 122}, {"x": 134, "y": 135}, {"x": 140, "y": 151}, {"x": 146, "y": 155}, {"x": 151, "y": 167}, {"x": 154, "y": 180}, {"x": 164, "y": 187}, {"x": 178, "y": 196}, {"x": 185, "y": 203}, {"x": 194, "y": 210}, {"x": 204, "y": 216}, {"x": 211, "y": 222}, {"x": 222, "y": 230}, {"x": 230, "y": 234}, {"x": 239, "y": 236}, {"x": 252, "y": 238}, {"x": 267, "y": 239}, {"x": 284, "y": 238}, {"x": 297, "y": 230}, {"x": 312, "y": 224}, {"x": 323, "y": 215}, {"x": 336, "y": 205}, {"x": 340, "y": 202}, {"x": 357, "y": 190}, {"x": 361, "y": 187}, {"x": 364, "y": 186}], "annotation": {}, "regionType": "freehand"}]</svg></mark></case>