<case><number>558</number><age>55</age><sex>M</sex><composition>spongiform appareance</composition><echogenicity>hypoechogenecity</echogenicity><margins>well defined smooth</margins><calcifications>non</calcifications><tirads>4a</tirads><reportbacaf></reportbacaf><reporteco></reporteco><mark><image>1</image><svg>[{"points": [{"x": 292, "y": 68}, {"x": 292, "y": 68}, {"x": 293, "y": 68}, {"x": 294, "y": 68}, {"x": 294, "y": 68}, {"x": 298, "y": 68}, {"x": 302, "y": 68}, {"x": 307, "y": 69}, {"x": 314, "y": 70}, {"x": 317, "y": 71}, {"x": 326, "y": 71}, {"x": 331, "y": 73}, {"x": 332, "y": 76}, {"x": 344, "y": 79}, {"x": 348, "y": 81}, {"x": 352, "y": 83}, {"x": 356, "y": 87}, {"x": 361, "y": 91}, {"x": 363, "y": 95}, {"x": 370, "y": 101}, {"x": 373, "y": 109}, {"x": 374, "y": 113}, {"x": 376, "y": 126}, {"x": 376, "y": 137}, {"x": 369, "y": 144}, {"x": 366, "y": 147}, {"x": 355, "y": 163}, {"x": 348, "y": 169}, {"x": 329, "y": 179}, {"x": 313, "y": 181}, {"x": 299, "y": 180}, {"x": 288, "y": 179}, {"x": 278, "y": 174}, {"x": 268, "y": 170}, {"x": 260, "y": 167}, {"x": 247, "y": 152}, {"x": 244, "y": 148}, {"x": 238, "y": 140}, {"x": 233, "y": 132}, {"x": 233, "y": 120}, {"x": 233, "y": 110}, {"x": 236, "y": 106}, {"x": 241, "y": 99}, {"x": 249, "y": 89}, {"x": 251, "y": 88}, {"x": 264, "y": 82}, {"x": 270, "y": 77}, {"x": 274, "y": 75}, {"x": 283, "y": 72}, {"x": 289, "y": 70}, {"x": 291, "y": 69}], "annotation": {}, "regionType": "freehand"}]</svg></mark></case>