<case><number>638</number><age>63</age><sex>F</sex><composition>solid</composition><echogenicity>isoechogenicity</echogenicity><margins>well defined smooth</margins><calcifications>microcalcification</calcifications><tirads>4a</tirads><reportbacaf></reportbacaf><reporteco></reporteco><mark><image>1</image><svg>[{"points": [{"x": 338, "y": 223}, {"x": 341, "y": 217}, {"x": 344, "y": 208}, {"x": 346, "y": 202}, {"x": 351, "y": 197}, {"x": 357, "y": 192}, {"x": 363, "y": 185}, {"x": 364, "y": 182}, {"x": 364, "y": 181}, {"x": 366, "y": 175}, {"x": 371, "y": 169}, {"x": 376, "y": 166}, {"x": 377, "y": 166}, {"x": 377, "y": 156}, {"x": 377, "y": 150}, {"x": 375, "y": 144}, {"x": 375, "y": 144}, {"x": 374, "y": 131}, {"x": 370, "y": 119}, {"x": 367, "y": 111}, {"x": 363, "y": 107}, {"x": 355, "y": 101}, {"x": 351, "y": 97}, {"x": 338, "y": 91}, {"x": 333, "y": 87}, {"x": 329, "y": 86}, {"x": 322, "y": 85}, {"x": 305, "y": 84}, {"x": 292, "y": 84}, {"x": 282, "y": 84}, {"x": 274, "y": 84}, {"x": 265, "y": 87}, {"x": 250, "y": 94}, {"x": 243, "y": 97}, {"x": 233, "y": 99}, {"x": 228, "y": 100}, {"x": 214, "y": 112}, {"x": 211, "y": 118}, {"x": 210, "y": 131}, {"x": 210, "y": 136}, {"x": 210, "y": 141}, {"x": 211, "y": 149}, {"x": 212, "y": 167}, {"x": 212, "y": 171}, {"x": 209, "y": 188}, {"x": 207, "y": 195}, {"x": 207, "y": 198}, {"x": 209, "y": 210}, {"x": 210, "y": 215}, {"x": 214, "y": 219}, {"x": 219, "y": 221}, {"x": 239, "y": 221}, {"x": 278, "y": 225}, {"x": 296, "y": 225}, {"x": 336, "y": 231}, {"x": 339, "y": 229}, {"x": 341, "y": 226}], "annotation": {}, "regionType": "freehand"}]</svg></mark></case>