<case><number>609</number><age>28</age><sex>F</sex><composition>solid</composition><echogenicity>hypoechogenecity</echogenicity><margins>well defined smooth</margins><calcifications>non</calcifications><tirads>4b</tirads><reportbacaf></reportbacaf><reporteco></reporteco><mark><image>1</image><svg>[{"points": [{"x": 329, "y": 104}, {"x": 320, "y": 105}, {"x": 311, "y": 106}, {"x": 300, "y": 110}, {"x": 294, "y": 115}, {"x": 287, "y": 119}, {"x": 279, "y": 125}, {"x": 276, "y": 128}, {"x": 271, "y": 136}, {"x": 270, "y": 140}, {"x": 270, "y": 147}, {"x": 270, "y": 153}, {"x": 273, "y": 157}, {"x": 276, "y": 161}, {"x": 288, "y": 166}, {"x": 289, "y": 166}, {"x": 296, "y": 166}, {"x": 300, "y": 166}, {"x": 308, "y": 166}, {"x": 313, "y": 166}, {"x": 319, "y": 161}, {"x": 323, "y": 157}, {"x": 326, "y": 156}, {"x": 332, "y": 151}, {"x": 334, "y": 148}, {"x": 339, "y": 143}, {"x": 344, "y": 136}, {"x": 349, "y": 128}, {"x": 349, "y": 124}, {"x": 349, "y": 115}, {"x": 344, "y": 111}, {"x": 341, "y": 110}, {"x": 336, "y": 107}, {"x": 331, "y": 104}, {"x": 327, "y": 103}], "annotation": {}, "regionType": "freehand"}]</svg></mark></case>