<case><number>579</number><age>57</age><sex>F</sex><composition>predominantly solid</composition><echogenicity>isoechogenicity</echogenicity><margins>well defined smooth</margins><calcifications>non</calcifications><tirads>2</tirads><reportbacaf></reportbacaf><reporteco></reporteco><mark><image>1</image><svg>[{"points": [{"x": 214, "y": 60}, {"x": 208, "y": 61}, {"x": 207, "y": 66}, {"x": 202, "y": 73}, {"x": 192, "y": 83}, {"x": 187, "y": 89}, {"x": 182, "y": 100}, {"x": 181, "y": 107}, {"x": 180, "y": 121}, {"x": 179, "y": 135}, {"x": 184, "y": 151}, {"x": 188, "y": 162}, {"x": 191, "y": 168}, {"x": 192, "y": 173}, {"x": 192, "y": 177}, {"x": 193, "y": 178}, {"x": 199, "y": 182}, {"x": 200, "y": 184}, {"x": 207, "y": 184}, {"x": 214, "y": 184}, {"x": 220, "y": 184}, {"x": 224, "y": 184}, {"x": 231, "y": 182}, {"x": 237, "y": 178}, {"x": 244, "y": 175}, {"x": 245, "y": 169}, {"x": 250, "y": 168}, {"x": 258, "y": 166}, {"x": 262, "y": 165}, {"x": 271, "y": 162}, {"x": 279, "y": 160}, {"x": 295, "y": 159}, {"x": 302, "y": 162}, {"x": 314, "y": 166}, {"x": 322, "y": 171}, {"x": 349, "y": 179}, {"x": 358, "y": 179}, {"x": 377, "y": 176}, {"x": 382, "y": 174}, {"x": 390, "y": 159}, {"x": 390, "y": 147}, {"x": 389, "y": 127}, {"x": 388, "y": 114}, {"x": 384, "y": 92}, {"x": 378, "y": 77}, {"x": 372, "y": 68}, {"x": 369, "y": 64}, {"x": 360, "y": 58}, {"x": 343, "y": 53}, {"x": 330, "y": 52}, {"x": 313, "y": 51}, {"x": 297, "y": 49}, {"x": 264, "y": 46}, {"x": 256, "y": 46}, {"x": 248, "y": 51}, {"x": 242, "y": 51}, {"x": 225, "y": 50}, {"x": 211, "y": 58}, {"x": 210, "y": 59}], "annotation": {}, "regionType": "freehand"}]</svg></mark></case>