<case><number>551</number><age>55</age><sex>F</sex><composition>solid</composition><echogenicity>marked hypoechogenecity</echogenicity><margins>ill- defined</margins><calcifications>microcalcification</calcifications><tirads>5</tirads><reportbacaf></reportbacaf><reporteco></reporteco><mark><image>3</image><svg>[{"points": [{"x": 310, "y": 161}, {"x": 302, "y": 171}, {"x": 299, "y": 177}, {"x": 299, "y": 188}, {"x": 295, "y": 200}, {"x": 287, "y": 200}, {"x": 282, "y": 200}, {"x": 276, "y": 197}, {"x": 269, "y": 191}, {"x": 265, "y": 186}, {"x": 264, "y": 180}, {"x": 265, "y": 167}, {"x": 267, "y": 158}, {"x": 263, "y": 141}, {"x": 261, "y": 136}, {"x": 267, "y": 124}, {"x": 267, "y": 124}, {"x": 270, "y": 124}, {"x": 273, "y": 124}, {"x": 277, "y": 124}, {"x": 282, "y": 122}, {"x": 286, "y": 122}, {"x": 290, "y": 122}, {"x": 294, "y": 121}, {"x": 296, "y": 121}, {"x": 299, "y": 121}, {"x": 300, "y": 121}, {"x": 304, "y": 122}, {"x": 310, "y": 125}, {"x": 312, "y": 126}, {"x": 317, "y": 128}, {"x": 320, "y": 134}, {"x": 320, "y": 138}, {"x": 320, "y": 140}, {"x": 319, "y": 143}, {"x": 314, "y": 149}, {"x": 312, "y": 153}, {"x": 310, "y": 158}, {"x": 308, "y": 159}, {"x": 306, "y": 163}], "annotation": {}, "regionType": "freehand"}]</svg></mark><mark><image>2</image><svg>[{"points": [{"x": 283, "y": 116}, {"x": 271, "y": 119}, {"x": 262, "y": 123}, {"x": 256, "y": 130}, {"x": 252, "y": 133}, {"x": 253, "y": 142}, {"x": 257, "y": 146}, {"x": 259, "y": 149}, {"x": 260, "y": 155}, {"x": 260, "y": 162}, {"x": 258, "y": 167}, {"x": 255, "y": 173}, {"x": 255, "y": 176}, {"x": 255, "y": 182}, {"x": 258, "y": 188}, {"x": 261, "y": 191}, {"x": 267, "y": 194}, {"x": 271, "y": 197}, {"x": 281, "y": 198}, {"x": 283, "y": 198}, {"x": 289, "y": 198}, {"x": 294, "y": 196}, {"x": 300, "y": 187}, {"x": 300, "y": 182}, {"x": 301, "y": 174}, {"x": 302, "y": 167}, {"x": 306, "y": 157}, {"x": 310, "y": 153}, {"x": 313, "y": 143}, {"x": 313, "y": 137}, {"x": 313, "y": 132}, {"x": 309, "y": 128}, {"x": 300, "y": 126}, {"x": 297, "y": 124}, {"x": 293, "y": 117}, {"x": 286, "y": 116}, {"x": 283, "y": 116}], "annotation": {}, "regionType": "freehand"}]</svg></mark><mark><image>1</image><svg>[{"points": [{"x": 260, "y": 117}, {"x": 257, "y": 120}, {"x": 255, "y": 125}, {"x": 253, "y": 129}, {"x": 253, "y": 137}, {"x": 253, "y": 137}, {"x": 261, "y": 144}, {"x": 261, "y": 146}, {"x": 261, "y": 153}, {"x": 260, "y": 157}, {"x": 259, "y": 161}, {"x": 258, "y": 166}, {"x": 258, "y": 167}, {"x": 258, "y": 169}, {"x": 259, "y": 178}, {"x": 261, "y": 184}, {"x": 273, "y": 187}, {"x": 279, "y": 185}, {"x": 282, "y": 182}, {"x": 294, "y": 174}, {"x": 297, "y": 168}, {"x": 298, "y": 162}, {"x": 298, "y": 161}, {"x": 305, "y": 157}, {"x": 311, "y": 150}, {"x": 313, "y": 145}, {"x": 317, "y": 133}, {"x": 318, "y": 126}, {"x": 311, "y": 111}, {"x": 308, "y": 111}, {"x": 287, "y": 109}, {"x": 277, "y": 114}, {"x": 270, "y": 114}, {"x": 262, "y": 115}, {"x": 258, "y": 116}], "annotation": {}, "regionType": "freehand"}, {"points": [{"x": 260, "y": 117}, {"x": 257, "y": 120}, {"x": 255, "y": 125}, {"x": 253, "y": 129}, {"x": 253, "y": 137}, {"x": 253, "y": 137}, {"x": 261, "y": 144}, {"x": 261, "y": 146}, {"x": 261, "y": 153}, {"x": 260, "y": 157}, {"x": 259, "y": 161}, {"x": 258, "y": 166}, {"x": 258, "y": 167}, {"x": 258, "y": 169}, {"x": 259, "y": 178}, {"x": 261, "y": 184}, {"x": 273, "y": 187}, {"x": 279, "y": 185}, {"x": 282, "y": 182}, {"x": 294, "y": 174}, {"x": 297, "y": 168}, {"x": 298, "y": 162}, {"x": 298, "y": 161}, {"x": 305, "y": 157}, {"x": 311, "y": 150}, {"x": 313, "y": 145}, {"x": 317, "y": 133}, {"x": 318, "y": 126}, {"x": 311, "y": 111}, {"x": 308, "y": 111}, {"x": 287, "y": 109}, {"x": 277, "y": 114}, {"x": 270, "y": 114}, {"x": 262, "y": 115}, {"x": 258, "y": 116}], "annotation": {}, "regionType": "freehand"}, {"points": [{"x": 260, "y": 117}, {"x": 257, "y": 120}, {"x": 255, "y": 125}, {"x": 253, "y": 129}, {"x": 253, "y": 137}, {"x": 253, "y": 137}, {"x": 261, "y": 144}, {"x": 261, "y": 146}, {"x": 261, "y": 153}, {"x": 260, "y": 157}, {"x": 259, "y": 161}, {"x": 258, "y": 166}, {"x": 258, "y": 167}, {"x": 258, "y": 169}, {"x": 259, "y": 178}, {"x": 261, "y": 184}, {"x": 273, "y": 187}, {"x": 279, "y": 185}, {"x": 282, "y": 182}, {"x": 294, "y": 174}, {"x": 297, "y": 168}, {"x": 298, "y": 162}, {"x": 298, "y": 161}, {"x": 305, "y": 157}, {"x": 311, "y": 150}, {"x": 313, "y": 145}, {"x": 317, "y": 133}, {"x": 318, "y": 126}, {"x": 311, "y": 111}, {"x": 308, "y": 111}, {"x": 287, "y": 109}, {"x": 277, "y": 114}, {"x": 270, "y": 114}, {"x": 262, "y": 115}, {"x": 258, "y": 116}], "annotation": {}, "regionType": "freehand"}]</svg></mark></case>