<case><number>596</number><age>82</age><sex>F</sex><composition>solid</composition><echogenicity>hypoechogenecity</echogenicity><margins>well defined smooth</margins><calcifications>non</calcifications><tirads>2</tirads><reportbacaf></reportbacaf><reporteco></reporteco><mark><image>1</image><svg>[{"points": [{"x": 347, "y": 111}, {"x": 345, "y": 99}, {"x": 342, "y": 91}, {"x": 340, "y": 81}, {"x": 338, "y": 76}, {"x": 334, "y": 70}, {"x": 327, "y": 67}, {"x": 324, "y": 62}, {"x": 318, "y": 57}, {"x": 311, "y": 54}, {"x": 304, "y": 50}, {"x": 298, "y": 48}, {"x": 285, "y": 48}, {"x": 280, "y": 48}, {"x": 269, "y": 49}, {"x": 264, "y": 49}, {"x": 258, "y": 47}, {"x": 251, "y": 47}, {"x": 241, "y": 46}, {"x": 231, "y": 50}, {"x": 224, "y": 55}, {"x": 219, "y": 63}, {"x": 211, "y": 78}, {"x": 207, "y": 82}, {"x": 205, "y": 85}, {"x": 205, "y": 85}, {"x": 208, "y": 93}, {"x": 212, "y": 97}, {"x": 213, "y": 101}, {"x": 213, "y": 106}, {"x": 213, "y": 112}, {"x": 217, "y": 121}, {"x": 214, "y": 125}, {"x": 216, "y": 131}, {"x": 218, "y": 136}, {"x": 217, "y": 138}, {"x": 212, "y": 144}, {"x": 211, "y": 153}, {"x": 211, "y": 155}, {"x": 211, "y": 155}, {"x": 212, "y": 161}, {"x": 213, "y": 172}, {"x": 213, "y": 177}, {"x": 216, "y": 184}, {"x": 218, "y": 186}, {"x": 224, "y": 200}, {"x": 227, "y": 204}, {"x": 230, "y": 206}, {"x": 235, "y": 208}, {"x": 239, "y": 209}, {"x": 243, "y": 210}, {"x": 247, "y": 210}, {"x": 250, "y": 210}, {"x": 264, "y": 202}, {"x": 272, "y": 198}, {"x": 279, "y": 197}, {"x": 293, "y": 201}, {"x": 304, "y": 202}, {"x": 311, "y": 202}, {"x": 328, "y": 204}, {"x": 332, "y": 204}, {"x": 338, "y": 203}, {"x": 345, "y": 199}, {"x": 354, "y": 174}, {"x": 354, "y": 156}, {"x": 351, "y": 138}, {"x": 350, "y": 131}, {"x": 349, "y": 115}, {"x": 348, "y": 111}], "annotation": {}, "regionType": "freehand"}]</svg></mark></case>