<case><number>552</number><age>31</age><sex>F</sex><composition>predominantly solid</composition><echogenicity>isoechogenicity</echogenicity><margins>ill- defined</margins><calcifications>microcalcification</calcifications><tirads>4c</tirads><reportbacaf></reportbacaf><reporteco></reporteco><mark><image>2</image><svg>[{"points": [{"x": 220, "y": 63}, {"x": 215, "y": 64}, {"x": 213, "y": 69}, {"x": 210, "y": 77}, {"x": 204, "y": 88}, {"x": 201, "y": 93}, {"x": 197, "y": 98}, {"x": 199, "y": 100}, {"x": 205, "y": 105}, {"x": 217, "y": 107}, {"x": 223, "y": 111}, {"x": 230, "y": 120}, {"x": 231, "y": 121}, {"x": 234, "y": 124}, {"x": 236, "y": 125}, {"x": 240, "y": 130}, {"x": 248, "y": 135}, {"x": 252, "y": 139}, {"x": 260, "y": 142}, {"x": 261, "y": 142}, {"x": 267, "y": 143}, {"x": 277, "y": 145}, {"x": 288, "y": 145}, {"x": 294, "y": 141}, {"x": 300, "y": 138}, {"x": 301, "y": 135}, {"x": 318, "y": 130}, {"x": 325, "y": 128}, {"x": 326, "y": 119}, {"x": 325, "y": 112}, {"x": 326, "y": 112}, {"x": 338, "y": 106}, {"x": 338, "y": 105}, {"x": 340, "y": 103}, {"x": 343, "y": 95}, {"x": 345, "y": 83}, {"x": 345, "y": 81}, {"x": 339, "y": 76}, {"x": 327, "y": 71}, {"x": 322, "y": 68}, {"x": 315, "y": 64}, {"x": 310, "y": 62}, {"x": 301, "y": 54}, {"x": 298, "y": 54}, {"x": 282, "y": 46}, {"x": 273, "y": 46}, {"x": 257, "y": 48}, {"x": 251, "y": 51}, {"x": 249, "y": 52}, {"x": 235, "y": 57}, {"x": 229, "y": 60}, {"x": 223, "y": 63}], "annotation": {}, "regionType": "freehand"}]</svg></mark><mark><image>1</image><svg>[{"points": [{"x": 337, "y": 195}, {"x": 339, "y": 194}, {"x": 342, "y": 192}, {"x": 346, "y": 186}, {"x": 354, "y": 180}, {"x": 354, "y": 175}, {"x": 359, "y": 167}, {"x": 368, "y": 158}, {"x": 376, "y": 144}, {"x": 378, "y": 137}, {"x": 378, "y": 133}, {"x": 378, "y": 125}, {"x": 377, "y": 118}, {"x": 377, "y": 116}, {"x": 376, "y": 111}, {"x": 375, "y": 103}, {"x": 374, "y": 100}, {"x": 373, "y": 97}, {"x": 373, "y": 94}, {"x": 370, "y": 84}, {"x": 368, "y": 81}, {"x": 367, "y": 81}, {"x": 359, "y": 75}, {"x": 349, "y": 68}, {"x": 344, "y": 66}, {"x": 336, "y": 65}, {"x": 322, "y": 61}, {"x": 317, "y": 61}, {"x": 305, "y": 60}, {"x": 288, "y": 59}, {"x": 284, "y": 64}, {"x": 275, "y": 64}, {"x": 262, "y": 68}, {"x": 258, "y": 73}, {"x": 252, "y": 81}, {"x": 245, "y": 97}, {"x": 243, "y": 100}, {"x": 243, "y": 108}, {"x": 242, "y": 112}, {"x": 242, "y": 114}, {"x": 239, "y": 119}, {"x": 238, "y": 125}, {"x": 236, "y": 135}, {"x": 231, "y": 153}, {"x": 228, "y": 157}, {"x": 227, "y": 164}, {"x": 227, "y": 166}, {"x": 235, "y": 182}, {"x": 236, "y": 184}, {"x": 246, "y": 192}, {"x": 247, "y": 192}, {"x": 255, "y": 196}, {"x": 261, "y": 198}, {"x": 264, "y": 198}, {"x": 273, "y": 199}, {"x": 280, "y": 200}, {"x": 286, "y": 201}, {"x": 287, "y": 201}, {"x": 294, "y": 200}, {"x": 299, "y": 196}, {"x": 305, "y": 194}, {"x": 316, "y": 194}, {"x": 324, "y": 191}, {"x": 325, "y": 191}, {"x": 341, "y": 191}], "annotation": {}, "regionType": "freehand"}]</svg></mark></case>