<case><number>607</number><age>82</age><sex>F</sex><composition>spongiform appareance</composition><echogenicity>isoechogenicity</echogenicity><margins>well defined smooth</margins><calcifications>non</calcifications><tirads>3</tirads><reportbacaf></reportbacaf><reporteco></reporteco><mark><image>1</image><svg>[{"points": [{"x": 258, "y": 40}, {"x": 241, "y": 40}, {"x": 224, "y": 45}, {"x": 210, "y": 47}, {"x": 200, "y": 52}, {"x": 191, "y": 58}, {"x": 180, "y": 65}, {"x": 172, "y": 69}, {"x": 170, "y": 70}, {"x": 155, "y": 79}, {"x": 151, "y": 91}, {"x": 147, "y": 99}, {"x": 142, "y": 106}, {"x": 141, "y": 109}, {"x": 134, "y": 131}, {"x": 135, "y": 143}, {"x": 135, "y": 147}, {"x": 135, "y": 154}, {"x": 134, "y": 164}, {"x": 134, "y": 171}, {"x": 134, "y": 177}, {"x": 139, "y": 190}, {"x": 142, "y": 195}, {"x": 146, "y": 199}, {"x": 153, "y": 210}, {"x": 158, "y": 217}, {"x": 164, "y": 223}, {"x": 172, "y": 229}, {"x": 181, "y": 235}, {"x": 191, "y": 237}, {"x": 203, "y": 239}, {"x": 213, "y": 239}, {"x": 225, "y": 239}, {"x": 235, "y": 239}, {"x": 245, "y": 237}, {"x": 253, "y": 235}, {"x": 296, "y": 241}, {"x": 313, "y": 245}, {"x": 320, "y": 243}, {"x": 329, "y": 238}, {"x": 349, "y": 241}, {"x": 358, "y": 242}, {"x": 366, "y": 242}, {"x": 380, "y": 239}, {"x": 384, "y": 237}, {"x": 395, "y": 236}, {"x": 404, "y": 232}, {"x": 411, "y": 229}, {"x": 412, "y": 230}, {"x": 432, "y": 218}, {"x": 442, "y": 209}, {"x": 444, "y": 205}, {"x": 444, "y": 205}, {"x": 446, "y": 196}, {"x": 453, "y": 192}, {"x": 457, "y": 186}, {"x": 460, "y": 174}, {"x": 461, "y": 170}, {"x": 463, "y": 162}, {"x": 464, "y": 149}, {"x": 465, "y": 147}, {"x": 459, "y": 110}, {"x": 439, "y": 93}, {"x": 436, "y": 91}, {"x": 428, "y": 87}, {"x": 418, "y": 77}, {"x": 413, "y": 71}, {"x": 407, "y": 66}, {"x": 396, "y": 56}, {"x": 392, "y": 53}, {"x": 388, "y": 48}, {"x": 383, "y": 43}, {"x": 379, "y": 40}, {"x": 352, "y": 36}, {"x": 337, "y": 36}, {"x": 304, "y": 38}, {"x": 298, "y": 41}, {"x": 288, "y": 41}, {"x": 252, "y": 39}], "annotation": {}, "regionType": "freehand"}]</svg></mark></case>