<case><number>639</number><age>55</age><sex>F</sex><composition>spongiform appareance</composition><echogenicity>isoechogenicity</echogenicity><margins>well defined smooth</margins><calcifications>microcalcification</calcifications><tirads>4a</tirads><reportbacaf></reportbacaf><reporteco></reporteco><mark><image>1</image><svg>[{"points": [{"x": 234, "y": 53}, {"x": 224, "y": 53}, {"x": 216, "y": 53}, {"x": 204, "y": 57}, {"x": 188, "y": 57}, {"x": 170, "y": 62}, {"x": 162, "y": 67}, {"x": 155, "y": 74}, {"x": 153, "y": 81}, {"x": 151, "y": 88}, {"x": 148, "y": 93}, {"x": 148, "y": 94}, {"x": 148, "y": 104}, {"x": 146, "y": 113}, {"x": 146, "y": 125}, {"x": 146, "y": 132}, {"x": 146, "y": 138}, {"x": 147, "y": 145}, {"x": 150, "y": 149}, {"x": 154, "y": 152}, {"x": 163, "y": 159}, {"x": 169, "y": 161}, {"x": 180, "y": 161}, {"x": 185, "y": 163}, {"x": 195, "y": 164}, {"x": 212, "y": 168}, {"x": 221, "y": 171}, {"x": 226, "y": 173}, {"x": 238, "y": 177}, {"x": 248, "y": 180}, {"x": 255, "y": 181}, {"x": 267, "y": 184}, {"x": 273, "y": 184}, {"x": 290, "y": 190}, {"x": 295, "y": 192}, {"x": 313, "y": 195}, {"x": 335, "y": 197}, {"x": 342, "y": 197}, {"x": 349, "y": 198}, {"x": 355, "y": 198}, {"x": 374, "y": 195}, {"x": 388, "y": 194}, {"x": 397, "y": 193}, {"x": 409, "y": 188}, {"x": 414, "y": 185}, {"x": 417, "y": 180}, {"x": 417, "y": 180}, {"x": 432, "y": 140}, {"x": 434, "y": 131}, {"x": 434, "y": 124}, {"x": 434, "y": 121}, {"x": 434, "y": 120}, {"x": 434, "y": 109}, {"x": 431, "y": 101}, {"x": 429, "y": 100}, {"x": 426, "y": 95}, {"x": 424, "y": 94}, {"x": 419, "y": 92}, {"x": 417, "y": 91}, {"x": 413, "y": 86}, {"x": 407, "y": 79}, {"x": 395, "y": 73}, {"x": 392, "y": 69}, {"x": 378, "y": 65}, {"x": 374, "y": 63}, {"x": 370, "y": 57}, {"x": 365, "y": 55}, {"x": 355, "y": 53}, {"x": 351, "y": 50}, {"x": 346, "y": 46}, {"x": 340, "y": 43}, {"x": 317, "y": 43}, {"x": 305, "y": 43}, {"x": 287, "y": 43}, {"x": 259, "y": 46}, {"x": 239, "y": 56}, {"x": 235, "y": 56}, {"x": 231, "y": 57}], "annotation": {}, "regionType": "freehand"}]</svg></mark></case>