<case><number>568</number><age>65</age><sex>F</sex><composition>solid</composition><echogenicity>marked hypoechogenecity</echogenicity><margins>ill- defined</margins><calcifications>microcalcification</calcifications><tirads>5</tirads><reportbacaf></reportbacaf><reporteco>PATIENT WITH A PREVIOUS REPORT OF BETHESDA III IN THE SAME NODULE. </reporteco><mark><image>1</image><svg>[{"points": [{"x": 303, "y": 65}, {"x": 298, "y": 65}, {"x": 295, "y": 68}, {"x": 290, "y": 77}, {"x": 278, "y": 100}, {"x": 277, "y": 102}, {"x": 275, "y": 109}, {"x": 273, "y": 121}, {"x": 276, "y": 130}, {"x": 280, "y": 134}, {"x": 284, "y": 137}, {"x": 288, "y": 144}, {"x": 289, "y": 147}, {"x": 290, "y": 147}, {"x": 293, "y": 151}, {"x": 298, "y": 158}, {"x": 305, "y": 152}, {"x": 310, "y": 146}, {"x": 315, "y": 136}, {"x": 315, "y": 127}, {"x": 318, "y": 121}, {"x": 320, "y": 123}, {"x": 327, "y": 109}, {"x": 330, "y": 95}, {"x": 330, "y": 88}, {"x": 311, "y": 69}, {"x": 306, "y": 69}, {"x": 301, "y": 66}], "annotation": {}, "regionType": "freehand"}]</svg></mark><mark><image>2</image><svg>[{"points": [{"x": 242, "y": 89}, {"x": 243, "y": 96}, {"x": 244, "y": 101}, {"x": 243, "y": 106}, {"x": 238, "y": 110}, {"x": 231, "y": 114}, {"x": 228, "y": 117}, {"x": 226, "y": 126}, {"x": 227, "y": 128}, {"x": 232, "y": 135}, {"x": 234, "y": 139}, {"x": 237, "y": 143}, {"x": 244, "y": 149}, {"x": 250, "y": 154}, {"x": 256, "y": 154}, {"x": 266, "y": 156}, {"x": 278, "y": 156}, {"x": 285, "y": 154}, {"x": 292, "y": 152}, {"x": 296, "y": 150}, {"x": 299, "y": 141}, {"x": 299, "y": 133}, {"x": 299, "y": 123}, {"x": 299, "y": 115}, {"x": 295, "y": 98}, {"x": 294, "y": 94}, {"x": 284, "y": 91}, {"x": 279, "y": 91}, {"x": 265, "y": 85}, {"x": 256, "y": 83}, {"x": 247, "y": 83}, {"x": 241, "y": 90}], "annotation": {}, "regionType": "freehand"}]</svg></mark></case>