<case><number>633</number><age>24</age><sex>M</sex><composition>spongiform appareance</composition><echogenicity>isoechogenicity</echogenicity><margins>well defined smooth</margins><calcifications>non</calcifications><tirads>2</tirads><reportbacaf></reportbacaf><reporteco>ARROW: TRACHEA</reporteco><mark><image>1</image><svg>[{"points": [{"x": 236, "y": 65}, {"x": 231, "y": 68}, {"x": 225, "y": 74}, {"x": 221, "y": 77}, {"x": 216, "y": 83}, {"x": 211, "y": 88}, {"x": 209, "y": 93}, {"x": 208, "y": 101}, {"x": 208, "y": 107}, {"x": 209, "y": 114}, {"x": 210, "y": 114}, {"x": 210, "y": 125}, {"x": 210, "y": 135}, {"x": 210, "y": 136}, {"x": 210, "y": 150}, {"x": 210, "y": 156}, {"x": 208, "y": 161}, {"x": 208, "y": 174}, {"x": 208, "y": 184}, {"x": 209, "y": 186}, {"x": 209, "y": 188}, {"x": 211, "y": 195}, {"x": 205, "y": 182}, {"x": 211, "y": 196}, {"x": 212, "y": 198}, {"x": 213, "y": 200}, {"x": 216, "y": 211}, {"x": 219, "y": 211}, {"x": 224, "y": 213}, {"x": 225, "y": 214}, {"x": 230, "y": 221}, {"x": 235, "y": 223}, {"x": 239, "y": 224}, {"x": 245, "y": 227}, {"x": 251, "y": 228}, {"x": 252, "y": 228}, {"x": 259, "y": 230}, {"x": 261, "y": 230}, {"x": 266, "y": 230}, {"x": 271, "y": 230}, {"x": 290, "y": 228}, {"x": 304, "y": 215}, {"x": 308, "y": 206}, {"x": 313, "y": 198}, {"x": 315, "y": 192}, {"x": 318, "y": 179}, {"x": 323, "y": 165}, {"x": 327, "y": 155}, {"x": 327, "y": 155}, {"x": 329, "y": 151}, {"x": 330, "y": 124}, {"x": 332, "y": 109}, {"x": 334, "y": 93}, {"x": 335, "y": 82}, {"x": 335, "y": 72}, {"x": 334, "y": 67}, {"x": 327, "y": 61}, {"x": 318, "y": 57}, {"x": 301, "y": 55}, {"x": 288, "y": 54}, {"x": 285, "y": 54}, {"x": 276, "y": 54}, {"x": 268, "y": 55}, {"x": 256, "y": 59}, {"x": 249, "y": 60}, {"x": 242, "y": 64}, {"x": 236, "y": 67}, {"x": 231, "y": 68}], "annotation": {}, "regionType": "freehand"}, {"points": [{"x": 383, "y": 283}, {"x": 394, "y": 118}], "annotation": {}, "regionType": "arrow"}]</svg></mark></case>