<case><number>642</number><age>44</age><sex>F</sex><composition>spongiform appareance</composition><echogenicity>isoechogenicity</echogenicity><margins>well defined smooth</margins><calcifications>non</calcifications><tirads>3</tirads><reportbacaf></reportbacaf><reporteco></reporteco><mark><image>1</image><svg>[{"points": [{"x": 359, "y": 84}, {"x": 351, "y": 84}, {"x": 341, "y": 84}, {"x": 329, "y": 89}, {"x": 318, "y": 91}, {"x": 310, "y": 98}, {"x": 304, "y": 104}, {"x": 299, "y": 108}, {"x": 290, "y": 117}, {"x": 286, "y": 121}, {"x": 280, "y": 125}, {"x": 275, "y": 135}, {"x": 271, "y": 142}, {"x": 266, "y": 150}, {"x": 263, "y": 156}, {"x": 262, "y": 166}, {"x": 260, "y": 175}, {"x": 259, "y": 179}, {"x": 257, "y": 186}, {"x": 257, "y": 191}, {"x": 257, "y": 192}, {"x": 257, "y": 206}, {"x": 261, "y": 214}, {"x": 263, "y": 223}, {"x": 265, "y": 231}, {"x": 270, "y": 242}, {"x": 271, "y": 245}, {"x": 276, "y": 254}, {"x": 292, "y": 264}, {"x": 301, "y": 269}, {"x": 312, "y": 272}, {"x": 319, "y": 273}, {"x": 326, "y": 275}, {"x": 341, "y": 275}, {"x": 348, "y": 273}, {"x": 352, "y": 272}, {"x": 354, "y": 271}, {"x": 362, "y": 266}, {"x": 366, "y": 263}, {"x": 376, "y": 258}, {"x": 379, "y": 252}, {"x": 380, "y": 246}, {"x": 382, "y": 242}, {"x": 385, "y": 234}, {"x": 389, "y": 229}, {"x": 395, "y": 224}, {"x": 417, "y": 210}, {"x": 422, "y": 205}, {"x": 425, "y": 202}, {"x": 431, "y": 191}, {"x": 433, "y": 184}, {"x": 433, "y": 178}, {"x": 434, "y": 169}, {"x": 435, "y": 162}, {"x": 435, "y": 148}, {"x": 431, "y": 132}, {"x": 430, "y": 126}, {"x": 430, "y": 126}, {"x": 428, "y": 120}, {"x": 425, "y": 115}, {"x": 420, "y": 111}, {"x": 416, "y": 109}, {"x": 410, "y": 106}, {"x": 400, "y": 101}, {"x": 397, "y": 99}, {"x": 394, "y": 96}, {"x": 383, "y": 92}, {"x": 375, "y": 92}, {"x": 374, "y": 91}, {"x": 365, "y": 89}, {"x": 361, "y": 87}, {"x": 361, "y": 86}], "annotation": {}, "regionType": "freehand"}]</svg></mark></case>