<case><number>592</number><age>47</age><sex>F</sex><composition>predominantly solid</composition><echogenicity>hypoechogenecity</echogenicity><margins>well defined smooth</margins><calcifications>non</calcifications><tirads>3</tirads><reportbacaf></reportbacaf><reporteco>MULTIPLE NODULES</reporteco><mark><image>1</image><svg>[{"points": [{"x": 294, "y": 116}, {"x": 285, "y": 122}, {"x": 270, "y": 129}, {"x": 252, "y": 141}, {"x": 260, "y": 161}, {"x": 261, "y": 164}, {"x": 271, "y": 170}, {"x": 280, "y": 170}, {"x": 287, "y": 170}, {"x": 290, "y": 170}, {"x": 293, "y": 170}, {"x": 296, "y": 170}, {"x": 303, "y": 171}, {"x": 309, "y": 171}, {"x": 312, "y": 171}, {"x": 321, "y": 175}, {"x": 334, "y": 174}, {"x": 343, "y": 166}, {"x": 343, "y": 162}, {"x": 343, "y": 151}, {"x": 343, "y": 144}, {"x": 337, "y": 132}, {"x": 333, "y": 125}, {"x": 324, "y": 123}, {"x": 316, "y": 118}, {"x": 305, "y": 114}, {"x": 299, "y": 114}, {"x": 294, "y": 116}], "annotation": {}, "regionType": "freehand"}, {"points": [{"x": 433, "y": 121}, {"x": 437, "y": 132}, {"x": 439, "y": 140}, {"x": 440, "y": 148}, {"x": 439, "y": 154}, {"x": 433, "y": 170}, {"x": 429, "y": 175}, {"x": 425, "y": 184}, {"x": 416, "y": 195}, {"x": 409, "y": 204}, {"x": 393, "y": 207}, {"x": 386, "y": 203}, {"x": 376, "y": 202}, {"x": 365, "y": 187}, {"x": 358, "y": 179}, {"x": 358, "y": 176}, {"x": 359, "y": 166}, {"x": 360, "y": 157}, {"x": 360, "y": 145}, {"x": 361, "y": 141}, {"x": 364, "y": 132}, {"x": 367, "y": 126}, {"x": 374, "y": 117}, {"x": 382, "y": 110}, {"x": 391, "y": 107}, {"x": 396, "y": 106}, {"x": 401, "y": 103}, {"x": 406, "y": 103}, {"x": 410, "y": 106}, {"x": 421, "y": 110}, {"x": 425, "y": 113}, {"x": 428, "y": 118}, {"x": 431, "y": 121}, {"x": 433, "y": 124}], "annotation": {}, "regionType": "freehand"}]</svg></mark></case>