<case><number>571</number><age>78</age><sex>F</sex><composition>solid</composition><echogenicity>marked hypoechogenecity</echogenicity><margins>ill- defined</margins><calcifications>microcalcification</calcifications><tirads>4c</tirads><reportbacaf></reportbacaf><reporteco></reporteco><mark><image>2</image><svg>[{"points": [{"x": 127, "y": 376}, {"x": 130, "y": 376}, {"x": 136, "y": 376}, {"x": 142, "y": 376}, {"x": 148, "y": 382}, {"x": 151, "y": 386}, {"x": 155, "y": 391}, {"x": 159, "y": 393}, {"x": 166, "y": 394}, {"x": 175, "y": 394}, {"x": 180, "y": 393}, {"x": 183, "y": 393}, {"x": 189, "y": 389}, {"x": 196, "y": 387}, {"x": 202, "y": 382}, {"x": 205, "y": 379}, {"x": 208, "y": 373}, {"x": 209, "y": 370}, {"x": 212, "y": 356}, {"x": 213, "y": 350}, {"x": 213, "y": 348}, {"x": 212, "y": 339}, {"x": 208, "y": 333}, {"x": 206, "y": 332}, {"x": 196, "y": 325}, {"x": 188, "y": 323}, {"x": 184, "y": 324}, {"x": 174, "y": 323}, {"x": 168, "y": 323}, {"x": 164, "y": 323}, {"x": 158, "y": 323}, {"x": 145, "y": 325}, {"x": 140, "y": 328}, {"x": 130, "y": 329}, {"x": 121, "y": 334}, {"x": 118, "y": 338}, {"x": 108, "y": 346}, {"x": 106, "y": 349}, {"x": 105, "y": 359}, {"x": 104, "y": 366}, {"x": 104, "y": 367}, {"x": 109, "y": 371}, {"x": 109, "y": 372}, {"x": 111, "y": 373}, {"x": 115, "y": 374}, {"x": 118, "y": 375}, {"x": 122, "y": 375}, {"x": 124, "y": 375}, {"x": 125, "y": 375}, {"x": 127, "y": 375}, {"x": 127, "y": 376}], "annotation": {}, "regionType": "freehand"}, {"points": [{"x": 342, "y": 140}, {"x": 330, "y": 142}, {"x": 322, "y": 144}, {"x": 314, "y": 145}, {"x": 305, "y": 150}, {"x": 300, "y": 152}, {"x": 292, "y": 154}, {"x": 291, "y": 154}, {"x": 281, "y": 155}, {"x": 274, "y": 160}, {"x": 267, "y": 170}, {"x": 267, "y": 172}, {"x": 264, "y": 180}, {"x": 265, "y": 186}, {"x": 268, "y": 191}, {"x": 270, "y": 195}, {"x": 275, "y": 199}, {"x": 280, "y": 201}, {"x": 282, "y": 202}, {"x": 288, "y": 200}, {"x": 295, "y": 198}, {"x": 305, "y": 203}, {"x": 307, "y": 205}, {"x": 311, "y": 208}, {"x": 317, "y": 211}, {"x": 322, "y": 211}, {"x": 329, "y": 212}, {"x": 336, "y": 213}, {"x": 347, "y": 210}, {"x": 354, "y": 207}, {"x": 360, "y": 202}, {"x": 365, "y": 198}, {"x": 372, "y": 191}, {"x": 377, "y": 185}, {"x": 380, "y": 179}, {"x": 379, "y": 171}, {"x": 378, "y": 167}, {"x": 374, "y": 160}, {"x": 371, "y": 156}, {"x": 367, "y": 152}, {"x": 363, "y": 149}, {"x": 355, "y": 147}, {"x": 352, "y": 145}, {"x": 347, "y": 143}, {"x": 343, "y": 143}], "annotation": {}, "regionType": "freehand"}]</svg></mark><mark><image>1</image><svg>[{"points": [{"x": 287, "y": 150}, {"x": 280, "y": 157}, {"x": 273, "y": 162}, {"x": 266, "y": 171}, {"x": 258, "y": 184}, {"x": 257, "y": 187}, {"x": 255, "y": 190}, {"x": 254, "y": 193}, {"x": 254, "y": 193}, {"x": 254, "y": 196}, {"x": 254, "y": 201}, {"x": 256, "y": 206}, {"x": 258, "y": 208}, {"x": 262, "y": 211}, {"x": 267, "y": 212}, {"x": 277, "y": 211}, {"x": 279, "y": 210}, {"x": 291, "y": 208}, {"x": 296, "y": 204}, {"x": 300, "y": 199}, {"x": 306, "y": 195}, {"x": 309, "y": 192}, {"x": 320, "y": 186}, {"x": 322, "y": 184}, {"x": 329, "y": 179}, {"x": 331, "y": 176}, {"x": 333, "y": 172}, {"x": 333, "y": 170}, {"x": 333, "y": 161}, {"x": 333, "y": 156}, {"x": 331, "y": 153}, {"x": 328, "y": 150}, {"x": 320, "y": 147}, {"x": 313, "y": 145}, {"x": 312, "y": 145}, {"x": 306, "y": 145}, {"x": 297, "y": 145}, {"x": 293, "y": 148}, {"x": 289, "y": 151}, {"x": 287, "y": 153}, {"x": 287, "y": 153}], "annotation": {}, "regionType": "freehand"}]</svg></mark></case>