<case><number>586</number><age>38</age><sex>F</sex><composition>spongiform appareance</composition><echogenicity>isoechogenicity</echogenicity><margins>well defined smooth</margins><calcifications>non</calcifications><tirads>3</tirads><reportbacaf></reportbacaf><reporteco></reporteco><mark><image>1</image><svg>[{"points": [{"x": 256, "y": 124}, {"x": 265, "y": 128}, {"x": 273, "y": 128}, {"x": 281, "y": 128}, {"x": 289, "y": 130}, {"x": 293, "y": 132}, {"x": 296, "y": 136}, {"x": 304, "y": 140}, {"x": 306, "y": 143}, {"x": 312, "y": 146}, {"x": 315, "y": 152}, {"x": 311, "y": 157}, {"x": 309, "y": 162}, {"x": 307, "y": 173}, {"x": 307, "y": 181}, {"x": 307, "y": 188}, {"x": 307, "y": 192}, {"x": 305, "y": 198}, {"x": 296, "y": 199}, {"x": 291, "y": 199}, {"x": 280, "y": 197}, {"x": 274, "y": 197}, {"x": 270, "y": 197}, {"x": 260, "y": 197}, {"x": 256, "y": 198}, {"x": 252, "y": 201}, {"x": 250, "y": 201}, {"x": 244, "y": 201}, {"x": 239, "y": 201}, {"x": 236, "y": 201}, {"x": 229, "y": 190}, {"x": 224, "y": 185}, {"x": 210, "y": 172}, {"x": 207, "y": 165}, {"x": 202, "y": 155}, {"x": 200, "y": 150}, {"x": 202, "y": 141}, {"x": 213, "y": 139}, {"x": 221, "y": 135}, {"x": 229, "y": 130}, {"x": 238, "y": 125}, {"x": 248, "y": 123}, {"x": 257, "y": 123}, {"x": 260, "y": 124}], "annotation": {}, "regionType": "freehand"}]</svg></mark><mark><image>2</image><svg>[{"points": [{"x": 277, "y": 100}, {"x": 269, "y": 104}, {"x": 261, "y": 110}, {"x": 253, "y": 115}, {"x": 241, "y": 120}, {"x": 233, "y": 120}, {"x": 223, "y": 126}, {"x": 224, "y": 133}, {"x": 228, "y": 138}, {"x": 228, "y": 144}, {"x": 227, "y": 150}, {"x": 229, "y": 152}, {"x": 231, "y": 157}, {"x": 232, "y": 162}, {"x": 235, "y": 166}, {"x": 242, "y": 170}, {"x": 243, "y": 170}, {"x": 255, "y": 171}, {"x": 262, "y": 172}, {"x": 265, "y": 172}, {"x": 270, "y": 174}, {"x": 276, "y": 177}, {"x": 280, "y": 175}, {"x": 286, "y": 172}, {"x": 290, "y": 172}, {"x": 298, "y": 173}, {"x": 307, "y": 172}, {"x": 309, "y": 165}, {"x": 313, "y": 162}, {"x": 312, "y": 153}, {"x": 312, "y": 150}, {"x": 312, "y": 136}, {"x": 312, "y": 125}, {"x": 317, "y": 117}, {"x": 313, "y": 107}, {"x": 299, "y": 104}, {"x": 288, "y": 103}, {"x": 276, "y": 102}], "annotation": {}, "regionType": "freehand"}]</svg></mark></case>