<case><number>619</number><age>70</age><sex>F</sex><composition>solid</composition><echogenicity>hypoechogenecity</echogenicity><margins>spiculated</margins><calcifications>non</calcifications><tirads>4b</tirads><reportbacaf></reportbacaf><reporteco></reporteco><mark><image>1</image><svg>[{"points": [{"x": 295, "y": 85}, {"x": 277, "y": 91}, {"x": 272, "y": 99}, {"x": 270, "y": 103}, {"x": 267, "y": 110}, {"x": 265, "y": 119}, {"x": 264, "y": 127}, {"x": 264, "y": 135}, {"x": 264, "y": 145}, {"x": 264, "y": 150}, {"x": 264, "y": 154}, {"x": 267, "y": 170}, {"x": 272, "y": 178}, {"x": 277, "y": 187}, {"x": 283, "y": 193}, {"x": 288, "y": 204}, {"x": 296, "y": 212}, {"x": 305, "y": 216}, {"x": 309, "y": 216}, {"x": 318, "y": 216}, {"x": 328, "y": 213}, {"x": 333, "y": 210}, {"x": 340, "y": 202}, {"x": 343, "y": 194}, {"x": 346, "y": 189}, {"x": 350, "y": 180}, {"x": 353, "y": 173}, {"x": 355, "y": 166}, {"x": 356, "y": 153}, {"x": 356, "y": 145}, {"x": 354, "y": 134}, {"x": 353, "y": 126}, {"x": 350, "y": 120}, {"x": 347, "y": 113}, {"x": 342, "y": 106}, {"x": 340, "y": 102}, {"x": 333, "y": 97}, {"x": 328, "y": 93}, {"x": 323, "y": 90}, {"x": 318, "y": 90}, {"x": 311, "y": 89}, {"x": 302, "y": 88}, {"x": 298, "y": 88}, {"x": 294, "y": 87}], "annotation": {}, "regionType": "freehand"}]</svg></mark></case>