<case><number>647</number><age>41</age><sex>F</sex><composition>solid</composition><echogenicity>marked hypoechogenecity</echogenicity><margins>ill- defined</margins><calcifications>microcalcification</calcifications><tirads>4c</tirads><reportbacaf></reportbacaf><reporteco></reporteco><mark><image>1</image><svg>[{"points": [{"x": 261, "y": 67}, {"x": 249, "y": 69}, {"x": 241, "y": 72}, {"x": 234, "y": 72}, {"x": 228, "y": 72}, {"x": 219, "y": 72}, {"x": 212, "y": 72}, {"x": 200, "y": 72}, {"x": 192, "y": 72}, {"x": 188, "y": 77}, {"x": 187, "y": 77}, {"x": 187, "y": 86}, {"x": 187, "y": 90}, {"x": 193, "y": 96}, {"x": 191, "y": 100}, {"x": 187, "y": 101}, {"x": 185, "y": 106}, {"x": 184, "y": 110}, {"x": 190, "y": 117}, {"x": 193, "y": 121}, {"x": 193, "y": 127}, {"x": 199, "y": 128}, {"x": 211, "y": 127}, {"x": 217, "y": 126}, {"x": 225, "y": 127}, {"x": 238, "y": 130}, {"x": 247, "y": 130}, {"x": 256, "y": 130}, {"x": 264, "y": 130}, {"x": 263, "y": 136}, {"x": 264, "y": 136}, {"x": 274, "y": 135}, {"x": 276, "y": 134}, {"x": 280, "y": 132}, {"x": 290, "y": 132}, {"x": 305, "y": 129}, {"x": 316, "y": 124}, {"x": 315, "y": 122}, {"x": 309, "y": 119}, {"x": 305, "y": 114}, {"x": 311, "y": 113}, {"x": 323, "y": 111}, {"x": 330, "y": 109}, {"x": 341, "y": 107}, {"x": 342, "y": 101}, {"x": 342, "y": 96}, {"x": 334, "y": 93}, {"x": 317, "y": 91}, {"x": 305, "y": 88}, {"x": 301, "y": 82}, {"x": 291, "y": 67}, {"x": 290, "y": 63}, {"x": 277, "y": 62}, {"x": 266, "y": 62}, {"x": 257, "y": 62}, {"x": 259, "y": 65}], "annotation": {}, "regionType": "freehand"}]</svg></mark></case>