<case><number>584</number><age>39</age><sex>F</sex><composition>spongiform appareance</composition><echogenicity>isoechogenicity</echogenicity><margins>well defined smooth</margins><calcifications>non</calcifications><tirads>2</tirads><reportbacaf></reportbacaf><reporteco>THYROIDITIS</reporteco><mark><image>1</image><svg>[{"points": [{"x": 372, "y": 134}, {"x": 364, "y": 134}, {"x": 356, "y": 132}, {"x": 339, "y": 129}, {"x": 331, "y": 129}, {"x": 320, "y": 127}, {"x": 314, "y": 127}, {"x": 307, "y": 130}, {"x": 301, "y": 138}, {"x": 298, "y": 147}, {"x": 297, "y": 151}, {"x": 298, "y": 165}, {"x": 300, "y": 170}, {"x": 305, "y": 180}, {"x": 307, "y": 185}, {"x": 310, "y": 191}, {"x": 317, "y": 198}, {"x": 321, "y": 200}, {"x": 328, "y": 205}, {"x": 338, "y": 208}, {"x": 343, "y": 208}, {"x": 353, "y": 207}, {"x": 360, "y": 207}, {"x": 366, "y": 206}, {"x": 372, "y": 205}, {"x": 382, "y": 194}, {"x": 387, "y": 192}, {"x": 393, "y": 179}, {"x": 395, "y": 171}, {"x": 396, "y": 153}, {"x": 395, "y": 149}, {"x": 390, "y": 146}, {"x": 384, "y": 142}, {"x": 379, "y": 139}, {"x": 372, "y": 137}], "annotation": {}, "regionType": "freehand"}]</svg></mark></case>