<case><number>555</number><age>52</age><sex>M</sex><composition>solid</composition><echogenicity>marked hypoechogenecity</echogenicity><margins>well defined smooth</margins><calcifications>non</calcifications><tirads>4b</tirads><reportbacaf></reportbacaf><reporteco></reporteco><mark><image>1</image><svg>[{"points": [{"x": 271, "y": 114}, {"x": 265, "y": 116}, {"x": 255, "y": 122}, {"x": 250, "y": 125}, {"x": 245, "y": 129}, {"x": 240, "y": 137}, {"x": 236, "y": 146}, {"x": 235, "y": 154}, {"x": 235, "y": 166}, {"x": 240, "y": 168}, {"x": 247, "y": 173}, {"x": 252, "y": 174}, {"x": 261, "y": 174}, {"x": 267, "y": 174}, {"x": 270, "y": 174}, {"x": 285, "y": 177}, {"x": 295, "y": 181}, {"x": 303, "y": 184}, {"x": 310, "y": 183}, {"x": 321, "y": 179}, {"x": 330, "y": 176}, {"x": 338, "y": 171}, {"x": 341, "y": 164}, {"x": 342, "y": 155}, {"x": 342, "y": 145}, {"x": 340, "y": 135}, {"x": 332, "y": 132}, {"x": 324, "y": 125}, {"x": 322, "y": 123}, {"x": 316, "y": 116}, {"x": 308, "y": 111}, {"x": 290, "y": 113}, {"x": 285, "y": 114}, {"x": 279, "y": 115}, {"x": 268, "y": 114}], "annotation": {}, "regionType": "freehand"}]</svg></mark></case>