<case><number>547</number><age>61</age><sex>F</sex><composition>spongiform appareance</composition><echogenicity>hypoechogenecity</echogenicity><margins>well defined smooth</margins><calcifications>microcalcification</calcifications><tirads>4a</tirads><reportbacaf></reportbacaf><reporteco></reporteco><mark><image>1</image><svg>[{"points": [{"x": 258, "y": 86}, {"x": 249, "y": 86}, {"x": 241, "y": 88}, {"x": 227, "y": 96}, {"x": 227, "y": 97}, {"x": 214, "y": 106}, {"x": 203, "y": 121}, {"x": 201, "y": 134}, {"x": 211, "y": 155}, {"x": 215, "y": 161}, {"x": 230, "y": 172}, {"x": 240, "y": 176}, {"x": 240, "y": 176}, {"x": 260, "y": 178}, {"x": 265, "y": 178}, {"x": 275, "y": 180}, {"x": 280, "y": 181}, {"x": 297, "y": 181}, {"x": 307, "y": 181}, {"x": 317, "y": 175}, {"x": 326, "y": 167}, {"x": 330, "y": 162}, {"x": 340, "y": 158}, {"x": 352, "y": 146}, {"x": 358, "y": 141}, {"x": 360, "y": 137}, {"x": 359, "y": 131}, {"x": 350, "y": 127}, {"x": 342, "y": 122}, {"x": 339, "y": 120}, {"x": 336, "y": 107}, {"x": 332, "y": 99}, {"x": 320, "y": 93}, {"x": 305, "y": 91}, {"x": 296, "y": 91}, {"x": 282, "y": 91}, {"x": 270, "y": 90}, {"x": 254, "y": 88}, {"x": 254, "y": 86}], "annotation": {}, "regionType": "freehand"}]</svg></mark><mark><image>2</image><svg>[{"points": [{"x": 234, "y": 99}, {"x": 234, "y": 99}, {"x": 229, "y": 105}, {"x": 225, "y": 111}, {"x": 223, "y": 121}, {"x": 223, "y": 130}, {"x": 222, "y": 146}, {"x": 222, "y": 150}, {"x": 228, "y": 158}, {"x": 237, "y": 169}, {"x": 242, "y": 174}, {"x": 255, "y": 183}, {"x": 265, "y": 185}, {"x": 283, "y": 194}, {"x": 296, "y": 194}, {"x": 301, "y": 194}, {"x": 330, "y": 186}, {"x": 342, "y": 180}, {"x": 344, "y": 171}, {"x": 345, "y": 143}, {"x": 337, "y": 134}, {"x": 318, "y": 117}, {"x": 316, "y": 115}, {"x": 307, "y": 108}, {"x": 292, "y": 100}, {"x": 284, "y": 99}, {"x": 279, "y": 98}, {"x": 272, "y": 96}, {"x": 260, "y": 94}, {"x": 254, "y": 93}, {"x": 250, "y": 93}, {"x": 241, "y": 93}, {"x": 238, "y": 93}, {"x": 232, "y": 97}], "annotation": {}, "regionType": "freehand"}]</svg></mark></case>