<case><number>590</number><age>34</age><sex>F</sex><composition>solid</composition><echogenicity>hypoechogenecity</echogenicity><margins>spiculated</margins><calcifications>non</calcifications><tirads>4c</tirads><reportbacaf></reportbacaf><reporteco></reporteco><mark><image>1</image><svg>[{"points": [{"x": 250, "y": 110}, {"x": 236, "y": 115}, {"x": 223, "y": 117}, {"x": 218, "y": 122}, {"x": 211, "y": 122}, {"x": 203, "y": 124}, {"x": 193, "y": 125}, {"x": 174, "y": 130}, {"x": 170, "y": 135}, {"x": 164, "y": 136}, {"x": 155, "y": 136}, {"x": 146, "y": 142}, {"x": 141, "y": 143}, {"x": 133, "y": 147}, {"x": 131, "y": 148}, {"x": 137, "y": 165}, {"x": 141, "y": 169}, {"x": 142, "y": 169}, {"x": 151, "y": 172}, {"x": 166, "y": 176}, {"x": 173, "y": 176}, {"x": 176, "y": 178}, {"x": 181, "y": 185}, {"x": 180, "y": 195}, {"x": 195, "y": 197}, {"x": 197, "y": 198}, {"x": 205, "y": 205}, {"x": 210, "y": 206}, {"x": 210, "y": 217}, {"x": 212, "y": 223}, {"x": 218, "y": 226}, {"x": 228, "y": 232}, {"x": 242, "y": 238}, {"x": 248, "y": 239}, {"x": 259, "y": 239}, {"x": 272, "y": 238}, {"x": 278, "y": 236}, {"x": 287, "y": 234}, {"x": 295, "y": 233}, {"x": 301, "y": 228}, {"x": 307, "y": 228}, {"x": 316, "y": 228}, {"x": 326, "y": 228}, {"x": 334, "y": 225}, {"x": 341, "y": 224}, {"x": 352, "y": 223}, {"x": 361, "y": 220}, {"x": 367, "y": 212}, {"x": 372, "y": 206}, {"x": 383, "y": 198}, {"x": 385, "y": 194}, {"x": 389, "y": 187}, {"x": 394, "y": 175}, {"x": 395, "y": 168}, {"x": 400, "y": 164}, {"x": 400, "y": 152}, {"x": 400, "y": 143}, {"x": 399, "y": 137}, {"x": 396, "y": 130}, {"x": 394, "y": 126}, {"x": 387, "y": 124}, {"x": 376, "y": 119}, {"x": 373, "y": 117}, {"x": 368, "y": 111}, {"x": 361, "y": 108}, {"x": 350, "y": 108}, {"x": 344, "y": 107}, {"x": 336, "y": 107}, {"x": 326, "y": 107}, {"x": 319, "y": 107}, {"x": 316, "y": 107}, {"x": 310, "y": 107}, {"x": 303, "y": 107}, {"x": 275, "y": 107}, {"x": 256, "y": 108}, {"x": 252, "y": 110}, {"x": 249, "y": 110}], "annotation": {}, "regionType": "freehand"}]</svg></mark><mark><image>2</image><svg>[{"points": [{"x": 297, "y": 113}, {"x": 290, "y": 113}, {"x": 283, "y": 113}, {"x": 279, "y": 113}, {"x": 272, "y": 114}, {"x": 264, "y": 114}, {"x": 251, "y": 113}, {"x": 247, "y": 120}, {"x": 249, "y": 124}, {"x": 257, "y": 127}, {"x": 262, "y": 129}, {"x": 269, "y": 132}, {"x": 278, "y": 138}, {"x": 280, "y": 141}, {"x": 284, "y": 148}, {"x": 284, "y": 149}, {"x": 285, "y": 155}, {"x": 285, "y": 160}, {"x": 288, "y": 168}, {"x": 289, "y": 169}, {"x": 297, "y": 168}, {"x": 300, "y": 163}, {"x": 307, "y": 163}, {"x": 313, "y": 166}, {"x": 320, "y": 172}, {"x": 321, "y": 173}, {"x": 330, "y": 175}, {"x": 338, "y": 177}, {"x": 345, "y": 176}, {"x": 350, "y": 170}, {"x": 348, "y": 161}, {"x": 345, "y": 154}, {"x": 341, "y": 142}, {"x": 336, "y": 135}, {"x": 322, "y": 127}, {"x": 313, "y": 120}, {"x": 306, "y": 113}, {"x": 295, "y": 113}], "annotation": {}, "regionType": "freehand"}]</svg></mark></case>