<case><number>559</number><age>27</age><sex>F</sex><composition>spongiform appareance</composition><echogenicity>isoechogenicity</echogenicity><margins>well defined smooth</margins><calcifications>microcalcification</calcifications><tirads>4a</tirads><reportbacaf></reportbacaf><reporteco>ARROW: TRACHEA</reporteco><mark><image>1</image><svg>[{"points": [{"x": 230, "y": 136}, {"x": 232, "y": 140}, {"x": 237, "y": 144}, {"x": 238, "y": 148}, {"x": 239, "y": 152}, {"x": 245, "y": 155}, {"x": 249, "y": 155}, {"x": 253, "y": 157}, {"x": 256, "y": 157}, {"x": 263, "y": 156}, {"x": 270, "y": 153}, {"x": 278, "y": 150}, {"x": 284, "y": 149}, {"x": 289, "y": 146}, {"x": 289, "y": 141}, {"x": 289, "y": 136}, {"x": 288, "y": 134}, {"x": 284, "y": 131}, {"x": 281, "y": 125}, {"x": 281, "y": 121}, {"x": 278, "y": 117}, {"x": 271, "y": 117}, {"x": 263, "y": 117}, {"x": 259, "y": 117}, {"x": 253, "y": 116}, {"x": 239, "y": 116}, {"x": 238, "y": 121}, {"x": 239, "y": 124}, {"x": 239, "y": 127}, {"x": 238, "y": 130}, {"x": 234, "y": 133}, {"x": 233, "y": 134}], "annotation": {}, "regionType": "freehand"}, {"points": [{"x": 409, "y": 284}, {"x": 376, "y": 129}], "annotation": {}, "regionType": "arrow"}]</svg></mark><mark><image>2</image><svg>[{"points": [{"x": 259, "y": 171}, {"x": 264, "y": 174}, {"x": 270, "y": 176}, {"x": 277, "y": 179}, {"x": 286, "y": 184}, {"x": 290, "y": 186}, {"x": 295, "y": 186}, {"x": 308, "y": 189}, {"x": 314, "y": 192}, {"x": 327, "y": 192}, {"x": 332, "y": 192}, {"x": 345, "y": 191}, {"x": 353, "y": 188}, {"x": 361, "y": 187}, {"x": 363, "y": 185}, {"x": 368, "y": 180}, {"x": 372, "y": 176}, {"x": 372, "y": 172}, {"x": 372, "y": 163}, {"x": 374, "y": 152}, {"x": 374, "y": 146}, {"x": 371, "y": 131}, {"x": 358, "y": 118}, {"x": 343, "y": 110}, {"x": 323, "y": 108}, {"x": 315, "y": 110}, {"x": 292, "y": 109}, {"x": 281, "y": 109}, {"x": 263, "y": 117}, {"x": 258, "y": 123}, {"x": 257, "y": 131}, {"x": 254, "y": 139}, {"x": 253, "y": 146}, {"x": 253, "y": 150}, {"x": 253, "y": 155}, {"x": 255, "y": 161}, {"x": 257, "y": 163}, {"x": 259, "y": 165}, {"x": 259, "y": 166}, {"x": 259, "y": 166}], "annotation": {}, "regionType": "freehand"}]</svg></mark></case>