<case><number>601</number><age>53</age><sex>F</sex><composition>spongiform appareance</composition><echogenicity>isoechogenicity</echogenicity><margins>well defined smooth</margins><calcifications>microcalcification</calcifications><tirads>4a</tirads><reportbacaf></reportbacaf><reporteco></reporteco><mark><image>1</image><svg>[{"points": [{"x": 394, "y": 83}, {"x": 383, "y": 83}, {"x": 368, "y": 87}, {"x": 361, "y": 91}, {"x": 356, "y": 98}, {"x": 351, "y": 104}, {"x": 348, "y": 109}, {"x": 343, "y": 115}, {"x": 339, "y": 121}, {"x": 333, "y": 126}, {"x": 331, "y": 133}, {"x": 338, "y": 141}, {"x": 342, "y": 144}, {"x": 348, "y": 146}, {"x": 350, "y": 149}, {"x": 352, "y": 156}, {"x": 357, "y": 161}, {"x": 361, "y": 167}, {"x": 372, "y": 171}, {"x": 383, "y": 173}, {"x": 396, "y": 173}, {"x": 405, "y": 172}, {"x": 413, "y": 168}, {"x": 414, "y": 164}, {"x": 419, "y": 146}, {"x": 422, "y": 135}, {"x": 429, "y": 133}, {"x": 436, "y": 130}, {"x": 437, "y": 121}, {"x": 441, "y": 115}, {"x": 441, "y": 106}, {"x": 441, "y": 98}, {"x": 441, "y": 93}, {"x": 433, "y": 88}, {"x": 428, "y": 86}, {"x": 414, "y": 84}, {"x": 407, "y": 84}, {"x": 399, "y": 83}, {"x": 396, "y": 83}], "annotation": {}, "regionType": "freehand"}]</svg></mark></case>