<case><number>563</number><age>51</age><sex>F</sex><composition>solid</composition><echogenicity>hypoechogenecity</echogenicity><margins>microlobulated</margins><calcifications>microcalcification</calcifications><tirads>4c</tirads><reportbacaf></reportbacaf><reporteco></reporteco><mark><image>1</image><svg>[{"points": [{"x": 261, "y": 95}, {"x": 252, "y": 92}, {"x": 240, "y": 91}, {"x": 232, "y": 91}, {"x": 225, "y": 97}, {"x": 217, "y": 107}, {"x": 215, "y": 115}, {"x": 214, "y": 119}, {"x": 216, "y": 131}, {"x": 227, "y": 138}, {"x": 243, "y": 144}, {"x": 263, "y": 148}, {"x": 275, "y": 149}, {"x": 283, "y": 147}, {"x": 288, "y": 136}, {"x": 289, "y": 128}, {"x": 288, "y": 117}, {"x": 279, "y": 108}, {"x": 271, "y": 101}, {"x": 263, "y": 97}, {"x": 257, "y": 95}], "annotation": {}, "regionType": "freehand"}]</svg></mark><mark><image>2</image><svg>[{"points": [{"x": 289, "y": 145}, {"x": 280, "y": 150}, {"x": 274, "y": 159}, {"x": 268, "y": 167}, {"x": 261, "y": 169}, {"x": 250, "y": 170}, {"x": 242, "y": 155}, {"x": 240, "y": 136}, {"x": 234, "y": 126}, {"x": 227, "y": 118}, {"x": 228, "y": 105}, {"x": 238, "y": 90}, {"x": 247, "y": 90}, {"x": 250, "y": 95}, {"x": 259, "y": 93}, {"x": 269, "y": 85}, {"x": 270, "y": 80}, {"x": 276, "y": 72}, {"x": 289, "y": 74}, {"x": 306, "y": 84}, {"x": 335, "y": 97}, {"x": 341, "y": 100}, {"x": 350, "y": 107}, {"x": 354, "y": 120}, {"x": 355, "y": 129}, {"x": 355, "y": 136}, {"x": 349, "y": 141}, {"x": 349, "y": 146}, {"x": 349, "y": 154}, {"x": 345, "y": 155}, {"x": 333, "y": 154}, {"x": 321, "y": 148}, {"x": 307, "y": 142}, {"x": 306, "y": 142}, {"x": 294, "y": 142}, {"x": 288, "y": 142}], "annotation": {}, "regionType": "freehand"}]</svg></mark></case>